q,tau,delta,AUC_R,AUC_N,Dose,rho_T,S_T,R_T,N_T,A_max,J_N,J_R,J_D,J
0.0,0.5,0.1,406520.756341026,1412601383.2071235,0.0,0.0002473559298121047,816385237.6134119,201987.6923882028,816587225.3058001,0.0,0.14126013832071235,1.1614878752600743e-05,0.0,0.14127175319946494
0.5,0.5,0.1,410077.6775350295,1393663322.727757,0.7000000000000002,0.0002539686394411264,809232006.9800923,205571.7605852895,809437578.7406776,0.05560383555676453,0.13936633227277567,1.1716505072429414e-05,0.0008333333333333336,0.14021138211118142
1.0,0.5,0.1,420726.9960983212,1337893291.0655572,1.4000000000000004,0.00027478161511608923,787667599.8866243,216496.06440970497,787884095.9510341,0.11120773510525667,0.13378932910655572,1.2020771317094892e-05,0.0016666666666666672,0.1354680165445395
1.5,0.5,0.1,438362.52529709483,1248415165.7692082,2.1000000000000005,0.0003129443626452958,751437569.4508767,235231.76569452402,751672801.2165712,0.16681127101125956,0.12484151657692082,1.2524643579916995e-05,0.002500000000000001,0.12735404122050073
2.0,0.5,0.1,462676.18921421753,1130434797.3205209,2.8000000000000007,0.00037451982630956,700354033.3516856,262394.7429596309,700616428.0946453,0.22241547192515046,0.11304347973205209,1.3219319691834788e-05,0.0033333333333333344,0.11639003238507727
2.5,0.5,0.1,492975.6969967689,991160675.5500128,3.500000000000001,0.00046996940388194925,634718393.5992514,298438.48202824284,635016832.0812796,0.27801893185016174,0.09911606755500127,1.4085019914193397e-05,0.0041666666666666675,0.10329681924158213
3.0,0.5,0.1,527985.3948987421,839539824.302001,4.200000000000001,0.0006168358380584134,555991197.114256,343166.9737128968,556334364.087969,0.3336231563532959,0.0839539824302001,1.5085296997106916e-05,0.005000000000000002,0.0889690677271972
3.5,0.5,0.1,565731.8603229577,685612687.541381,4.900000000000001,0.0008444767832036,467533055.3615103,395154.5094420408,467928209.8709523,0.3892275016742161,0.0685612687541381,1.6163767437798793e-05,0.005833333333333335,0.07441076585490922
4.0,0.5,0.1,603644.881710989,539365646.7850016,5.600000000000001,0.0012022557113870375,374974146.7041971,451357.45657764946,375425504.16077477,0.4448307227607842,0.05393656467850016,1.7246996620313972e-05,0.006666666666666669,0.06062047834178714
4.5,0.5,0.1,638962.6264254055,409187859.0384034,6.300000000000002,0.001773558501380733,285556313.32904065,507350.6431740427,286063663.9722147,0.5004333715754372,0.040918785903840335,1.8256075040725874e-05,0.007500000000000002,0.04843704197888106
5.0,0.5,0.1,669336.4874604964,300415428.0473463,7.000000000000002,0.0026994942810857777,206287524.1289721,558379.333462864,206845903.46243498,0.5560380980846732,0.030041542804734627,1.912389964172847e-05,0.008333333333333335,0.038394000037709694
5.5,0.5,0.1,693344.4449957149,214717956.86936495,7.700000000000002,0.004217927736875712,141828672.87699795,600757.0430069843,142429429.92000493,0.6116414970069173,0.021471795686936492,1.980984128559186e-05,0.00916666666666667,0.030658272194888755
6.0,0.5,0.1,710652.9319824146,150550618.61784676,8.400000000000002,0.006727248439302503,93430241.9333372,632785.3535115218,94063027.28684872,0.667245414180918,0.015055061861784675,2.0304369485211846e-05,0.010000000000000004,0.02507536623126989
6.5,0.5,0.1,721791.4072569689,104431053.0450948,9.100000000000001,0.010886420814081777,59484419.99880065,654699.7651387062,60139119.76393936,0.72284788378193,0.01044310530450948,2.06226116359134e-05,0.010833333333333335,0.02129706124947873
7.0,0.5,0.1,727751.2547261465,72265998.73046088,9.800000000000002,0.017764812899694643,36931956.384125784,667955.397851857,37599911.78197764,0.7784518599908594,0.007226599873046087,2.0792892992175614e-05,0.01166666666666667,0.01891405943270493
7.5,0.5,0.1,729632.8011703143,50271011.2105536,10.500000000000004,0.02904908146070511,22542528.580391947,674431.3605956768,23216959.940987624,0.8340571975457415,0.00502710112105536,2.0846651462008982e-05,0.012500000000000006,0.017547947772517374
8.0,0.5,0.1,728424.1144020818,35390896.37615508,11.200000000000003,0.04727994681529786,13619620.606779894,675891.0298786894,14295511.636658583,0.8896616315822652,0.0035390896376155077,2.0812117554345198e-05,0.013333333333333338,0.01689323508850319
8.5,0.5,0.1,724922.4579210514,25354829.8948146,11.900000000000002,0.07602093951830165,8189065.3113930095,673760.3322138933,8862825.643606903,0.9452651458822046,0.00253548298948146,2.0712070226315754e-05,0.01416666666666667,0.016722861726374445
9.0,0.5,0.1,719727.658025834,18565225.096545085,12.600000000000003,0.11969717334655744,4920797.287350613,669094.2117571497,5589891.499107762,1.0008678413966527,0.0018565225096545085,2.056364737216669e-05,0.015000000000000005,0.01687708615702668
9.5,0.5,0.1,713273.7199513325,13935371.745146846,13.300000000000004,0.18267912793930802,2964682.371293354,662635.2130705075,3627317.5843638615,1.0564718526220003,0.0013935371745146846,2.0379249141466646e-05,0.015833333333333338,0.01724724975698949
10.0,0.5,0.1,705870.7141066135,10740961.345005784,14.000000000000004,0.2672865125582484,1795263.0369502746,654893.9039549417,2450156.940905216,1.1120767123212656,0.0010740961345005783,2.016773468876039e-05,0.01666666666666667,0.01776093053585601
10.5,0.5,0.1,697737.1357228846,8504292.693404628,14.700000000000003,0.37119282883445803,1094701.9887250252,646216.4341611383,1740918.4228861635,1.167681934458341,0.0008504292693404627,1.993534673493956e-05,0.017500000000000005,0.018370364616075406
11.0,0.5,0.1,689030.1031913521,6911752.086021846,15.400000000000004,0.4861365689784695,673162.7956208406,636840.5145634087,1310003.3101842492,1.223284201458228,0.0006911752086021846,1.9686574376895775e-05,0.01833333333333334,0.01904419511631242
11.5,0.5,0.1,679862.1999946994,5756794.955179615,16.100000000000005,0.6000370063246365,417888.38414938765,626929.2383743944,1044817.6225237821,1.2788887229603076,0.0005756794955179615,1.9424634285562843e-05,0.019166666666666672,0.019761770796470197
12.0,0.5,0.1,670317.3236177046,4902868.960531769,16.800000000000004,0.7017275024311619,262088.2600591015,616599.0550481664,878687.3151072679,1.3344916747894544,0.0004902868960531769,1.9151923531934416e-05,0.020000000000000007,0.02050943881958512
0.0,0.6,0.1,406520.756341026,1412601383.2071235,0.0,0.0002473559298121047,816385237.6134119,201987.6923882028,816587225.3058001,0.0,0.14126013832071235,1.1614878752600743e-05,0.0,0.14127175319946494
0.5,0.6,0.1,409166.491205479,1398514062.4784653,0.6000000000000001,0.00025233166078737686,810818946.9069977,204646.93037073014,811023593.8373684,0.051751349544142525,0.1398514062478465,1.1690471177299402e-05,0.0007142857142857144,0.14057738243330953
1.0,0.6,0.1,417087.4497555615,1356856727.193561,1.2000000000000002,0.000267798300029828,794097967.6386036,212715.05051967935,794310682.6891233,0.10350262943082159,0.13568567271935608,1.191678427873033e-05,0.0014285714285714288,0.13712616093220623
1.5,0.6,0.1,430217.4421179486,1289426793.1816542,1.8000000000000003,0.00029546420366863307,766177153.2915627,226444.8288074102,766403598.12037,0.1552541262526319,0.12894267931816542,1.2291926917655676e-05,0.0021428571428571434,0.1310978283879402
2.0,0.6,0.1,448393.1872541917,1199203349.5549726,2.4000000000000004,0.0003384909806208276,727068609.4846829,246189.4995282057,727314798.9842111,0.20700546920695723,0.11992033495549727,1.2811233921548335e-05,0.0028571428571428576,0.12279028904656168
2.5,0.6,0.1,471279.9688084908,1090296890.3263674,3.0000000000000004,0.0004020371647933308,676992527.2110823,272285.6251669715,677264812.8362494,0.25875678566490196,0.10902968903263673,1.3465141965956881e-05,0.0035714285714285718,0.11261458274603126
3.0,0.6,0.1,498281.9851329915,967844291.951012,3.6000000000000005,0.0004941744027891798,616616475.3890414,304866.73581244895,616921342.1248538,0.310507562704306,0.09678442919510119,1.42366281466569e-05,0.004285714285714287,0.10108438010896213
3.5,0.6,0.1,528464.252567963,837788162.5945448,4.200000000000001,0.0006273812941781508,547356887.0506793,343617.05108539073,547700504.1017647,0.36225974562093055,0.08377881625945448,1.5098978644798942e-05,0.005000000000000002,0.08879391523809928
4.0,0.6,0.1,560523.9123592852,706510676.4752816,4.800000000000001,0.00082091113512151,471665850.27547455,387513.86299283674,472053364.1384674,0.41401070696740855,0.07065106764752815,1.6014968924551005e-05,0.005714285714285715,0.07638136833073841
4.5,0.6,0.1,592862.8609144913,580245286.1252897,5.4,0.0011045582415512754,393105008.11232936,434687.5141818434,393539695.6265112,0.4657612491541268,0.058024528612528964,1.6938938883271184e-05,0.006428571428571429,0.06447003897998366
5.0,0.6,0.1,623768.520607522,464397829.6190855,6.000000000000001,0.0015244816223619155,316032049.1778,482520.64490450034,316514569.8227045,0.5175135986349975,0.046439782961908545,1.7821957731643487e-05,0.0071428571428571435,0.053600462062497335
5.5,0.6,0.1,651681.4479092762,362873021.26975423,6.600000000000001,0.0021521906192598383,244837100.24825156,528072.6233473236,245365172.87159887,0.5692645204343982,0.036287302126975424,1.8619469940265036e-05,0.00785714285714286,0.04416306445405855
6.0,0.6,0.1,675452.6257441574,277680787.1675597,7.200000000000001,0.0030981188674192722,182994389.61083117,568700.2721281761,183563089.88295934,0.6210156131800478,0.027768078716755965,1.929864644983307e-05,0.008571428571428574,0.03635880593463437
6.5,0.6,0.1,694489.3306682819,208951727.08505523,7.800000000000001,0.0045319802031985445,132364864.08759469,602605.9418428065,132967470.0294375,0.6727662835538164,0.020895172708505518,1.9842552304808056e-05,0.009285714285714288,0.030200729546524613
7.0,0.6,0.1,708740.852731423,155356005.20204723,8.400000000000002,0.006712190901246339,93090362.54313053,629062.6732071383,93719425.21633767,0.7245184805405223,0.015535600520204723,2.0249738649469232e-05,0.010000000000000004,0.025555850258854197
7.5,0.6,0.1,718569.2124887903,114697929.67045449,9.000000000000002,0.010028093989121587,63999662.203881204,648295.799058262,64647958.00293946,0.7762696403600794,0.011469792967045448,2.0530548928251153e-05,0.010714285714285718,0.022204609230259416
8.0,0.6,0.1,724567.9352214544,84493897.94035074,9.600000000000001,0.015057678792901949,43246548.51354508,661147.990494045,43907696.50403912,0.8280214709646277,0.008449389794035074,2.070194100632727e-05,0.01142857142857143,0.019898663163612832
8.5,0.6,0.1,727401.0059688389,62383857.73450884,10.200000000000001,0.022640974561221477,28867219.59400092,668722.5139068501,29535942.107907772,0.8797714251251928,0.006238385773450883,2.0782885884823972e-05,0.012142857142857146,0.018402025802192853
9.0,0.6,0.1,727699.7378642259,46346875.08405754,10.8,0.03396378636893303,19117414.23226041,672127.7771465228,19789542.00940693,0.9315247616304694,0.0046346875084057534,2.0791421081835027e-05,0.012857142857142859,0.017512621786630447
9.5,0.6,0.1,726009.0274708187,34764399.49903989,11.400000000000002,0.05063437879378217,12605923.980374912,672336.4693330072,13278260.44970792,0.9832755335099926,0.0034764399499039884,2.0743115070594818e-05,0.013571428571428576,0.01706861163640316
10.0,0.6,0.1,722771.1873934233,26402619.171169583,12.000000000000002,0.0747028978896982,8300544.412205698,670135.808530815,8970680.220736513,1.0350261244123282,0.002640261917116958,2.065060535409781e-05,0.014285714285714287,0.016946626808185344
10.5,0.6,0.1,718331.4774138711,20348159.412493438,12.600000000000001,0.10855025499150987,5470483.053477107,666131.02276003,6136614.0762371365,1.08677944981339,0.002034815941249344,2.0523756497539175e-05,0.015000000000000003,0.017055339697746887
11.0,0.6,0.1,712953.9034949009,15940002.426932823,13.200000000000003,0.15453796722281374,3615030.9983687317,660774.2515654659,4275805.249934197,1.1385307241831972,0.001594000242693282,2.037011152842574e-05,0.01571428571428572,0.017328656068507427
11.5,0.6,0.1,706838.5244604509,12705432.988524769,13.800000000000002,0.21434639244365417,2398595.860476348,654398.2802071142,3052994.1406834624,1.1902764617117934,0.0012705432988524767,2.0195386413155738e-05,0.01642857142857143,0.017719310113837063
12.0,0.6,0.1,700133.146877095,10310329.580639096,14.400000000000002,0.2880366346923658,1599840.6110575562,647242.1589474379,2247082.7700049942,1.242033399449741,0.0010310329580639095,2.000380419648843e-05,0.017142857142857147,0.018193893905117546
0.0,0.7,0.1,406520.756341026,1412601383.2071235,0.0,0.0002473559298121047,816385237.6134119,201987.6923882028,816587225.3058001,0.0,0.14126013832071235,1.1614878752600743e-05,0.0,0.14127175319946494
0.5,0.7,0.1,408616.41262717405,1401479739.6608903,0.5,0.00025115091027436793,812396836.5385516,204085.46125004085,812600921.9998016,0.04849202467017989,0.14014797396608902,1.1674754646490688e-05,0.0005952380952380953,0.14075488681597362
1.0,0.7,0.1,414890.1253664377,1368510542.4557676,1.0,0.0002628416329829027,800393542.0608175,210432.0559294473,800603974.1167469,0.09698391427779131,0.13685105424557675,1.185400358189822e-05,0.0011904761904761906,0.13805338443963483
1.5,0.7,0.1,425292.4610376115,1314861443.78372,1.5,0.00028338305414994083,780270490.8084004,221178.11287749617,780491668.9212779,0.14547596234111584,0.131486144378372,1.2151213172503186e-05,0.0017857142857142859,0.13328400987725877
2.0,0.7,0.1,439715.9340580021,1242463665.018122,2.0,0.00031449327852397764,751898239.0095999,236541.332961844,752134780.3425617,0.19396781131495724,0.12424636650181219,1.2563312401657203e-05,0.002380952380952381,0.12663988219516623
2.5,0.7,0.1,457958.5577931241,1153969981.454476,2.5,0.0003588651025250827,715196874.7713655,256751.33888599763,715453626.1102515,0.24245967179726657,0.11539699814544761,1.308453022266069e-05,0.002976190476190476,0.11838627315186075
3.0,0.7,0.1,479678.90899517486,1052693606.8831317,3.0,0.0004205056353636071,670252530.5963688,281963.53348729,670534494.1298561,0.29095206308802307,0.10526936068831316,1.3705111685576425e-05,0.0035714285714285718,0.10885449437142732
3.5,0.7,0.1,504352.1516134399,942505091.6725948,3.5,0.0005052502922977409,617484393.1426709,312141.8799006858,617796535.0225716,0.33944393832570957,0.09425050916725947,1.4410061474669713e-05,0.0041666666666666675,0.0984315858954008
4.0,0.7,0.1,531240.2960561564,827659504.3316705,4.0,0.0006215423533968244,557820485.3173726,346924.6856026594,558167410.0029752,0.38793570593504567,0.08276595043316705,1.5178294173033041e-05,0.004761904761904762,0.08754303348924485
4.5,0.7,0.1,559396.0391260473,712557101.1085211,4.5,0.0007815627015431286,492861287.6205847,385503.2944350215,493246790.91501975,0.4364279513433006,0.0712557101108521,1.5982743975029925e-05,0.005357142857142857,0.07662883571196999
5.0,0.7,0.1,587714.5440205528,601417950.7299526,5.0,0.001002886444227431,424916074.0660197,426570.3722589978,425342644.43827873,0.4849197382039022,0.060141795072995254,1.6791844114872936e-05,0.005952380952380952,0.06611096786949108
5.5,0.7,0.1,615038.2341379612,497916814.98229724,5.5,0.0013108528013458752,356848979.2723121,468390.47510293894,357317369.74741507,0.5334127428729245,0.049791681498229726,1.757252097537032e-05,0.006547619047619048,0.05635687306682414
6.0,0.7,0.1,640295.7528483276,404842229.2168198,6.0,0.0017419481145628949,291701388.51788604,509015.36209439393,292210403.87998044,0.5819032738715023,0.04048422292168198,1.8294164367095077e-05,0.0071428571428571435,0.047645374228906225
6.5,0.7,0.1,662633.7608171727,323891326.5665965,6.5,0.002348458830605447,232196947.07481027,546588.6116491997,232743535.68645945,0.6303970978821036,0.03238913265665965,1.8932393166204936e-05,0.007738095238095238,0.0401461602879211
7.0,0.7,0.1,681511.5959005433,255616945.39934778,7.0,0.0032050284872736467,180278542.7729777,579655.6781929927,180858198.4511707,0.678888167361291,0.025561694539934777,1.9471759882872666e-05,0.008333333333333335,0.033914499633150984
7.5,0.7,0.1,696720.3223777424,199591957.03656086,7.5,0.004417442514940623,136881226.60062408,607347.8742036843,137488574.47482777,0.7273794804276107,0.019959195703656087,1.9906294925078356e-05,0.008928571428571428,0.028907673427152593
8.0,0.7,0.1,708339.9877192809,154681531.88228068,8.0,0.006134480824505733,101972327.58051552,629408.3818219595,102601735.96233748,0.7758725663402926,0.015468153188228067,2.0238285363408025e-05,0.009523809523809525,0.025012200997401
8.5,0.7,0.1,716657.0824639798,119359049.90315174,8.5,0.008563503304032992,74799755.32793808,646080.6658079756,75445835.99374606,0.824362917470262,0.011935904990315173,2.0475916641827996e-05,0.01011904761904762,0.02207542852600462
9.0,0.7,0.1,722071.0384443834,91984862.56983942,9.0,0.011989954798359114,54215332.39140136,657927.910660313,54873260.30206167,0.8728564127316343,0.009198486256983942,2.0630601098410956e-05,0.010714285714285714,0.019933402572368066
9.5,0.7,0.1,725020.107411381,70995230.81898992,9.5,0.016801225577503808,38954250.82155597,665663.1113480058,39619913.932903975,0.9213494900293999,0.007099523081898992,2.0714860211753745e-05,0.011309523809523811,0.018429761751634556
10.0,0.7,0.1,725926.5685070729,55013006.078746155,10.0,0.02351400822428476,27824334.31567057,670016.3970034717,28494350.71267404,0.9698395230346585,0.005501300607874615,2.0740759100202084e-05,0.011904761904761904,0.01742680327173672
10.5,0.7,0.1,725167.312889607,42889445.00997776,10.5,0.032801466930110726,19804743.011323977,671655.9224747536,20476398.93379873,1.0183319877712007,0.004288944500997776,2.0719066082560203e-05,0.0125,0.016809663567080337
11.0,0.7,0.1,723062.511604053,33704436.80471426,11.0,0.045512523719731524,14075390.962612944,671152.4047931179,14746543.36740606,1.066824609927676,0.003370443680471426,2.0658928902972944e-05,0.013095238095238096,0.016486340704612495
11.5,0.7,0.1,719874.4317160111,26737253.401728235,11.5,0.06267725735385214,10004291.111911902,668970.782565205,10673261.894477107,1.1153175012225487,0.0026737253401728236,2.0567840906171747e-05,0.013690476190476192,0.016384769371555186
12.0,0.7,0.1,715814.2567810009,21437324.06078128,12.0,0.08546930943063503,7120706.930252774,665480.0218981614,7786186.952150935,1.1638069371330124,0.002143732406078128,2.0451835908028595e-05,0.014285714285714287,0.016449898527700443
0.0,0.8,0.1,406520.756341026,1412601383.2071235,0.0,0.0002473559298121047,816385237.6134119,201987.6923882028,816587225.3058001,0.0,0.14126013832071235,1.1614878752600743e-05,0.0,0.14127175319946494
0.5,0.8,0.1,408255.77361026185,1403375537.1589086,0.45,0.0002505541752694551,812896613.9622505,203725.68501163356,813100339.6472621,0.04750659290445777,0.14033755371589085,1.1664450674578911e-05,0.0005357142857142857,0.1408849324522797
1.0,0.8,0.1,413449.39958997304,1375985434.943942,0.9,0.000260361221480374,802420924.7082525,208973.70074643547,802629898.408999,0.09501322105432528,0.1375985434943942,1.1812839988284944e-05,0.0010714285714285715,0.13868178490581107
1.5,0.8,0.1,422061.1991983135,1331273906.8963482,1.35,0.00027743525943119845,784932702.7612015,217828.44131671393,785150531.2025182,0.1425200022469999,0.1331273906896348,1.20588914056661e-05,0.0016071428571428573,0.13474659243818332
2.0,0.8,0.1,434009.82537928876,1270628107.2334983,1.8,0.00030294302576683915,760413810.8874506,230431.8684325934,760644242.7558832,0.19002633482491166,0.12706281072334982,1.2400280725122537e-05,0.002142857142857143,0.1292180681469321
2.5,0.8,0.1,449153.3641348058,1195949016.2797954,2.25,0.0003386737075482356,728892000.8570249,246940.1884816761,729138941.0455066,0.23753265017693306,0.11959490162797953,1.2832953260994451e-05,0.0026785714285714286,0.12228630600981195
3.0,0.8,0.1,467264.859125727,1109602213.5352807,2.7,0.00038721741244560027,690500524.2630858,267477.3982035026,690768001.6612893,0.2850399583487916,0.11096022135352805,1.3350424546449343e-05,0.0032142857142857147,0.11418785749236021
3.5,0.8,0.1,488005.4797931571,1014354757.2835641,3.15,0.00045222297737279653,645562683.2640933,292070.3596340959,645854753.6237273,0.33254556934215473,0.1014354757283564,1.3943013708375918e-05,0.00375,0.10519941874206477
4.0,0.8,0.1,510905.2574580631,913272498.3719528,3.6,0.0005387774173193112,594682976.98159,320574.4767505426,595003551.4583405,0.3800531360962021,0.09132724983719527,1.4597293070230376e-05,0.004285714285714286,0.09562756141597978
4.5,0.8,0.1,535356.1737957802,809587056.3824141,4.05,0.0006539370265992806,538838915.9682846,352597.2949509268,539191513.2632356,0.4275595859746433,0.08095870563824141,1.5295890679879435e-05,0.004821428571428572,0.08579543010034986
5.0,0.8,0.1,560625.0441307309,706531048.4731265,4.5,0.0008074571928710946,479440298.55177593,387440.3591226787,479827738.9108986,0.4750657563073514,0.07065310484731264,1.601785840373517e-05,0.005357142857142857,0.07602626556285923
5.5,0.8,0.1,585896.7024438017,607124947.9599829,4.95,0.001012825883583585,418298444.075541,424093.02361381194,418722537.09915483,0.5225719690754268,0.06071249479599829,1.673990578410862e-05,0.005892857142857143,0.06662209184463953
6.0,0.8,0.1,610340.2427181253,513970644.7804294,5.4,0.0012886511608530204,357503275.2402949,461291.4544153868,357964566.69471025,0.5700791815280555,0.051397064478042945,1.7438292649089296e-05,0.006428571428571429,0.05784307419926346
6.5,0.8,0.1,633186.1096809655,429076424.95100296,5.8500000000000005,0.0016605015652240067,299198358.5361179,497645.6840990508,299696004.220217,0.6175862387379544,0.0429076424951003,1.8091031705170444e-05,0.006964285714285715,0.04989001924109118
7.0,0.8,0.1,653807.6468201344,353723691.2954459,6.3,0.0021634418120847565,245291396.29046085,531824.2336632217,245823220.5241241,0.6650922869299455,0.03537236912954459,1.868021848057527e-05,0.0075,0.042891049348025165
7.5,0.8,0.1,671769.7807541558,288461690.8714193,6.75,0.0028452591283142778,197212383.23092684,562721.4218666723,197775104.65279353,0.7125997840268328,0.02884616908714193,1.9193422307261593e-05,0.008035714285714287,0.03690107679516348
8.0,0.8,0.1,686849.2408908919,233179969.75604647,7.2,0.0037706657564223257,155770277.35941592,589580.7627001161,156359858.12211603,0.760105934592823,0.023317996975604646,1.9624264025454058e-05,0.008571428571428572,0.03190904981105867
8.5,0.8,0.1,699021.8450449046,187246361.40590698,7.65,0.005026793883964337,121143466.73458312,612039.8357668148,121755506.57034995,0.8076113767069762,0.018724636140590695,1.9972052715568704e-05,0.009107142857142859,0.02785175105044912
9.0,0.8,0.1,708417.1342006187,149699648.46332103,8.1,0.006729882372809602,92995221.71619388,630087.3169107424,93625309.03310463,0.8551191600687124,0.014969964846332102,2.0240489548589108e-05,0.009642857142857144,0.024633062478737835
9.5,0.8,0.1,715271.7333854551,119409090.40886661,8.55,0.009033700824055564,70642738.25169855,643982.9117181769,71286721.16341673,0.9026256412525884,0.01194090904088666,2.0436335239584433e-05,0.01017857142857143,0.022139916804697672
10.0,0.8,0.1,719877.0292186161,95219926.77834842,9.0,0.012139559528321582,53231817.223008014,654151.9302776114,53885969.15328562,0.9501328850948318,0.00952199267783484,2.0567915120531888e-05,0.010714285714285714,0.02025684630724109
10.5,0.8,0.1,722539.3296983512,76047055.97294737,9.450000000000001,0.01630737892729309,39878415.66169055,661093.1314155107,40539508.79310606,0.9976387973333573,0.007604705597294737,2.064398084852432e-05,0.011250000000000001,0.018875349578143262
11.0,0.8,0.1,723555.0714437944,60924709.68544756,9.9,0.021867974522523304,29758826.959405903,665314.3469571971,30424141.3063631,1.0451466606959392,0.006092470968544756,2.067300204125127e-05,0.011785714285714287,0.017898858256300294
11.5,0.8,0.1,723192.4391169524,49029523.63173533,10.35,0.02923497567892604,22157663.903656136,667286.8810639763,22824950.78472011,1.0926525012877926,0.004902952363173532,2.066264111762721e-05,0.01232142857142857,0.01724504357571973
12.0,0.8,0.1,721684.7698782347,39681884.2300501,10.8,0.0389130683370193,16484248.938975466,667424.2301233631,17151673.169098828,1.140158275845666,0.00396818842300501,2.0619564853663853e-05,0.012857142857142859,0.016845950845001532
0.0,0.9,0.1,406520.756341026,1412601383.2071235,0.0,0.0002473559298121047,816385237.6134119,201987.6923882028,816587225.3058001,0.0,0.14126013832071235,1.1614878752600743e-05,0.0,0.14127175319946494
0.5,0.9,0.1,408006.3879745726,1404711063.7447743,0.4,0.00025006434714245235,813480678.1234668,203473.39612990827,813684151.5195968,0.04630815664235446,0.14047110637447743,1.1657325370702075e-05,0.0004761904761904763,0.1409589541760386
1.0,0.9,0.1,412453.1439488623,1381261208.3314621,0.8,0.0002583378791412751,804759308.840163,207953.5353402458,804967262.3755032,0.092616441090873,0.1381261208331462,1.1784375541396065e-05,0.0009523809523809526,0.13909028616106855
1.5,0.9,0.1,419826.05213091406,1342896654.8332453,1.2000000000000002,0.00027263377156606987,790199219.7064083,215493.74442941626,790414713.4508377,0.13892450881368754,0.13428966548332452,1.199503006088326e-05,0.0014285714285714288,0.13573023194195682
2.0,0.9,0.1,430058.52223887725,1290676906.255985,1.6,0.000293752661645481,769779497.6145192,226191.2205774717,770005688.8350967,0.1852323034077964,0.1290676906255985,1.2287386349682208e-05,0.0019047619047619052,0.13098473991671009
2.5,0.9,0.1,443040.79043095943,1226049748.5619476,2.0,0.0003229007272135988,743504366.583642,240155.6470894338,743744522.2307315,0.23154118786556277,0.12260497485619475,1.2658308298027413e-05,0.002380952380952381,0.12499858554544516
3.0,0.9,0.1,458604.29398053663,1150814131.9325984,2.4000000000000004,0.0003617840463730992,711438736.0148866,257480.3369401885,711696216.3518268,0.27784941347055225,0.11508141319325983,1.3102979828015334e-05,0.0028571428571428576,0.11795165903023071
3.5,0.9,0.1,476506.67857464455,1067068548.650881,2.8000000000000003,0.00041274428921831585,673758146.9820614,278204.65486368944,674036351.6369251,0.32415775504516314,0.1067068548650881,1.3614476530704132e-05,0.0033333333333333335,0.11005380267495213
4.0,0.9,0.1,496417.45293644804,977148463.3753645,3.2,0.0004789447333598685,630808429.4502152,302267.1443010215,631110696.5945163,0.37046540541987544,0.09771484633753645,1.4183355798184231e-05,0.0038095238095238104,0.10153855350285844
4.5,0.9,0.1,517911.694494341,883536312.759274,3.6,0.0005646282085403504,583166085.0420759,329458.0431835089,583495543.0852594,0.41677392260316504,0.0883536312759274,1.47974769855526e-05,0.004285714285714286,0.09265414303862723
5.0,0.9,0.1,540473.0477882366,788760239.4677987,4.0,0.0006754611937511703,531686558.9584186,359376.3826159132,532045935.34103453,0.4630823766216087,0.07887602394677987,1.5442087079663903e-05,0.004761904761904762,0.08365337079576429
5.5,0.9,0.1,563511.9132296414,695272222.7596182,4.4,0.0008189848320134513,477525721.57069486,391406.8791598553,477917128.44985473,0.5093898572803244,0.06952722227596181,1.6100340377989756e-05,0.005238095238095239,0.07478141785443504
6.0,0.9,0.1,586399.4411067348,605308594.1856524,4.800000000000001,0.0010052251770979225,422099517.49004763,424732.01353540603,422524249.503583,0.5556966063609668,0.06053085941856523,1.675426974590671e-05,0.005714285714285715,0.06626189940259686
6.5,0.9,0.1,608510.6092904444,520772664.5319547,5.2,0.0012474534346572379,366993482.578795,458379.08690607507,367451861.6657011,0.6020063332016833,0.05207726645319547,1.738601740829841e-05,0.006190476190476191,0.05828512866107996
7.0,0.9,0.1,629276.6248993659,443120970.5940771,5.6000000000000005,0.0015632023470491749,313807306.56137383,491312.33873897046,314298618.9001128,0.6483136355544836,0.04431209705940771,1.7979332139981885e-05,0.006666666666666667,0.05099674305821436
7.5,0.9,0.1,648229.1570763169,373311530.9785917,6.0,0.0019755074833780924,263986729.33243796,522540.04107023706,264509269.3735082,0.6946226333948404,0.037331153097859164,1.852083305932334e-05,0.0071428571428571435,0.04449253107377563
8.0,0.9,0.1,665030.7749490056,311797596.130485,6.4,0.00251444815612241,218669564.62969676,551219.2959254901,219220783.92562225,0.7409313176745282,0.0311797596130485,1.9000879284257303e-05,0.007619047619047621,0.03881780811138038
8.5,0.9,0.1,679492.1905284361,258561216.6600721,6.800000000000001,0.003219244062530349,178577372.01567116,576740.8140048267,179154112.829676,0.7872391802449967,0.025856121666007207,1.941406258652675e-05,0.008095238095238096,0.03397077382383183
9.0,0.9,0.1,691556.714843077,213225750.3742965,7.2,0.004140428612866616,144011696.61787573,598749.2276984134,144610445.84557414,0.8335463012995898,0.02132257503742965,1.9758763281230775e-05,0.008571428571428572,0.029913762372139455
9.5,0.9,0.1,701283.9634060862,175147525.9323492,7.6000000000000005,0.005342823033843155,114891140.375484,617140.3026065223,115508280.67809053,0.87985527317233,0.01751475259323492,2.0036684668745323e-05,0.009047619047619049,0.026582408325522715
10.0,0.9,0.1,708820.0767746512,143523807.34361306,8.0,0.006909255887074313,90842242.96005735,632019.0835405069,91474262.04359786,0.9261640032414642,0.014352380734361306,2.0252002193561463e-05,0.009523809523809525,0.023896442260364394
10.5,0.9,0.1,714359.5559058695,117504070.37169462,8.4,0.008943882619964398,71319462.52016197,643629.4475287285,71963091.9676907,0.9724731232514758,0.011750407037169461,2.0410273025881986e-05,0.01,0.021770817310195343
11.0,0.9,0.1,718124.4884607834,96244861.01897158,8.8,0.011577217562581815,55691506.66973675,652304.5609223815,56343811.230659135,1.0187770604046342,0.009624486101897157,2.0517842527450957e-05,0.010476190476190477,0.020121194420615086
11.5,0.9,0.1,720340.7725622548,78962260.22051583,9.200000000000001,0.014970937754544472,43321017.39145992,658413.3196564243,43979430.711116344,1.065089534592701,0.007896226022051582,2.0581164930350137e-05,0.010952380952380955,0.018869188139362884
12.0,0.9,0.1,721223.2227502579,64959281.456404686,9.600000000000001,0.01932290254897796,33614216.07025658,662322.2088841491,34276538.27914073,1.11139538741836,0.006495928145640468,2.0606377792864513e-05,0.01142857142857143,0.017945105952004763
0.0,1.0,0.1,406520.756341026,1412601383.2071235,0.0,0.0002473559298121047,816385237.6134119,201987.6923882028,816587225.3058001,0.0,0.14126013832071235,1.1614878752600743e-05,0.0,0.14127175319946494
0.5,1.0,0.1,407825.68733514805,1405732001.2848864,0.35,0.0002496347327331727,814111906.6181306,203281.3543100635,814315187.9724406,0.04545450178980044,0.14057320012848862,1.1652162495289945e-05,0.00041666666666666664,0.1410015189576506
1.0,1.0,0.1,411731.1698708643,1385299203.7496295,0.7,0.000256572588748671,807277468.2090182,207178.42616199402,807484646.6351802,0.09090927043469764,0.13852992037496295,1.1763747710596123e-05,0.0008333333333333333,0.13937501745600686
1.5,1.0,0.1,418206.0665171117,1351813477.1247106,1.0499999999999998,0.00026848073329861706,795839305.5927998,213724.90137166152,796053030.4941715,0.13636384308731644,0.13518134771247103,1.1948744757631764e-05,0.0012499999999999998,0.13644329645722866
2.0,1.0,0.1,427193.1768690385,1306112093.7430987,1.4,0.00028589851739655364,779736760.2802833,222989.33604429528,779959749.6163276,0.1818183002317275,0.13061120937430987,1.2205519339115386e-05,0.0016666666666666666,0.13229008156031566
2.5,1.0,0.1,438601.62316691474,1249336996.2260573,1.75,0.00030962575876421954,758907848.7312028,235050.19609083253,759142898.9272937,0.22727338046761003,0.12493369962260571,1.2531474947626137e-05,0.0020833333333333337,0.12702956443088667
3.0,1.0,0.1,452297.1764435351,1182904578.487692,2.0999999999999996,0.00034077128005354656,733313644.6255146,249977.41448328612,733563622.0399979,0.27272795628753715,0.11829045784876921,1.292277646981529e-05,0.0024999999999999996,0.12080338062523903
3.5,1.0,0.1,468092.23122557177,1108465955.3413448,2.4499999999999997,0.00038082065430597456,702971833.5497507,267808.1804976123,703239641.7302483,0.3181824406873023,0.11084659553413448,1.3374063749302052e-05,0.002916666666666667,0.11377663626455045
4.0,1.0,0.1,485736.35918226204,1027859564.4066637,2.8,0.00043172684439491153,667998173.1520281,288517.3040217094,668286690.4560498,0.36363699479227085,0.10278595644066635,1.3878181690921775e-05,0.003333333333333333,0.1061331679556906
4.5,1.0,0.1,504911.58868717524,943049871.3152703,3.15,0.0004960307633184128,628652865.4529704,311985.91532466747,628964851.3682951,0.4090919017848807,0.09430498713152703,1.442604539106215e-05,0.00375,0.0980694131769181
5.0,1.0,0.1,525231.4032946589,856060732.4683684,3.5,0.0005770155892981695,585383566.2764441,337970.45768327196,585721536.7341274,0.45454641306728877,0.08560607324683683,1.500661152270454e-05,0.0041666666666666675,0.0897877465250262
5.5,1.0,0.1,546253.0767450436,768883617.5447276,3.8499999999999996,0.0006789169062159984,538853326.1161928,366085.1744850791,539219411.2906779,0.5000010658371127,0.07688836175447275,1.5607230764144103e-05,0.004583333333333333,0.08148730231857022
6.0,1.0,0.1,567488.6569282472,683416251.4909222,4.199999999999999,0.0008071470500108782,489958776.86079466,395788.2406810232,490354565.1014757,0.5454556437458695,0.06834162514909221,1.6213961626521348e-05,0.004999999999999999,0.07335783911071873
6.5,1.0,0.1,588438.2845723046,601347718.0872986,4.55,0.0009686381232226481,439787018.30678725,426407.50659728923,440213425.81338453,0.5909108633921235,0.060134771808729864,1.681252241635156e-05,0.005416666666666667,0.06556825099781288
7.0,1.0,0.1,608623.2931044559,524080622.584678,4.8999999999999995,0.0011722481489032195,389548123.04765093,457182.9980745353,390005306.04572546,0.6363638399810155,0.052408062258467794,1.73892369458416e-05,0.005833333333333334,0.058258784828746975
7.5,1.0,0.1,627607.7253439855,452708473.45957845,5.25,0.0014291480272260646,340494278.6060287,487313.16920597985,340981591.77523464,0.6818197117729711,0.04527084734595784,1.7931649295542443e-05,0.00625,0.05153877899525338
8.0,1.0,0.1,645039.9670029257,387940561.56763405,5.6,0.0017534927128626198,293779369.91857487,516044.8652523231,294295414.7838272,0.7272748035032741,0.0387940561567634,1.8429713342940733e-05,0.006666666666666666,0.04547915253677301
8.5,1.0,0.1,660663.9143986289,330127408.5019968,5.949999999999999,0.002163054800421176,250366466.5012381,542730.3427031089,250909196.8439412,0.7727285850009247,0.03301274085019968,1.8876111839960822e-05,0.007083333333333333,0.04011495029537297
9.0,1.0,0.1,674324.8804139115,279297473.75507,6.3,0.0026799902666528965,210954434.07185397,566875.0496352697,211521309.12148923,0.8181836436111454,0.027929747375507,1.926642515468319e-05,0.0075,0.03544901380066168
9.5,1.0,0.1,685970.3852356232,235197189.6375486,6.6499999999999995,0.0033319078972622795,175938271.75475305,588169.844841297,176526441.59959435,0.8636368957103243,0.02351971896375486,1.959915386387495e-05,0.007916666666666667,0.0314559847842854
10.0,1.0,0.1,695626.4276373535,197387828.86065102,7.0,0.004152647610234733,145438759.2773793,606474.3905774136,146045233.6679567,0.9090928260154036,0.0197387828860651,1.9875040789638674e-05,0.008333333333333335,0.028091991260188073
10.5,1.0,0.1,703390.1973629951,165283008.68564588,7.35,0.00518404058719534,119325618.81462991,621812.3514950109,119947431.16612493,0.9545470603249566,0.016528300868564588,2.009686278179986e-05,0.008749999999999999,0.025298397731346386
11.0,1.0,0.1,709396.9127954082,138248620.11864576,7.699999999999999,0.006476683052957015,97304205.81965718,634316.7694847432,97938522.58914192,1.0000030027245292,0.013824862011864576,2.0268483222725946e-05,0.009166666666666667,0.02301179716175397
11.5,1.0,0.1,713812.2537314376,115625378.61943965,8.049999999999999,0.008092135610685626,78964967.04357727,644208.2422679018,79609175.28584518,1.0454569971248486,0.011562537861943964,2.039463582089822e-05,0.009583333333333333,0.021166265831098194
12.0,1.0,0.1,716807.4068185762,96788228.33729179,8.399999999999999,0.01010394329802029,63852402.66956681,651746.2633047906,64504148.9328716,1.0909116133776684,0.009678822833729178,2.0480211623387888e-05,0.009999999999999998,0.019699303045352563
0.0,1.1,0.1,406520.756341026,1412601383.2071235,0.0,0.0002473559298121047,816385237.6134119,201987.6923882028,816587225.3058001,0.0,0.14126013832071235,1.1614878752600743e-05,0.0,0.14127175319946494
0.5,1.1,0.1,407685.6032707665,1406450072.8293068,0.35,0.00024956381341070057,813792640.2648273,203143.8919944099,813995784.1568216,0.04485120188058533,0.14064500728293067,1.1648160093450472e-05,0.00041666666666666664,0.14107332210969079
1.0,1.1,0.1,411171.6785700212,1388145436.0276453,0.7,0.00025628120700888954,806032583.7841288,206623.95729786367,806239207.7414267,0.08970232841089557,0.13881454360276452,1.1747762244857747e-05,0.0008333333333333333,0.1396596246983427
1.5,1.1,0.1,416950.2584435093,1358116046.745684,1.0499999999999998,0.0002677955744698744,793156049.6804479,212460.57597042597,793368510.2564183,0.13455358263850337,0.13581160467456838,1.1912864526957408e-05,0.0012499999999999998,0.13707351753909533
2.0,1.1,0.1,424970.21142453724,1317064840.8780174,1.4,0.0002846033769729784,775252768.750725,220702.3686335269,775473471.1193585,0.17940440967686913,0.13170648408780172,1.2142006040701064e-05,0.0016666666666666666,0.1333852927605091
2.5,1.1,0.1,435152.81141436624,1265948788.7696683,1.75,0.00030743722943911997,752457967.6428701,231404.7352722061,752689372.3781422,0.22425597740823294,0.12659487887696683,1.2432937468981894e-05,0.0020833333333333337,0.12869064514776912
3.0,1.1,0.1,447385.05218959204,1205950737.3253117,2.0999999999999996,0.0003373070377736736,724960331.2326108,244616.73277701606,725204947.9653878,0.2691070597753456,0.12059507373253116,1.2782430062559773e-05,0.0024999999999999996,0.12310785616259372
3.5,1.1,0.1,461513.75796081725,1138446307.3125224,2.4499999999999997,0.0003755554587835784,693018313.9330772,260364.59217842537,693278678.5252557,0.3139585097510176,0.11384463073125223,1.3186107370309065e-05,0.002916666666666667,0.1167744835052892
4.0,1.1,0.1,477338.9063637341,1064963399.346897,2.8,0.00042393231680475796,656975135.5749394,278631.1120402651,657253766.6869797,0.3588089882448409,0.1064963399346897,1.363825446753526e-05,0.003333333333333333,0.10984331152249056
4.5,1.1,0.1,494609.82794208225,987136350.4355894,3.15,0.00048468966268454017,617278568.8641331,299333.6252389996,617577902.4893721,0.4036606080544042,0.09871363504355894,1.4131709369773778e-05,0.00375,0.10247776675292872
5.0,1.1,0.1,513024.8137115338,906652167.4401876,3.5,0.0005607086399880616,574491021.7904934,322302.79747673695,574813324.5879701,0.4485113274798163,0.09066521674401876,1.4657851820329537e-05,0.0041666666666666675,0.09484654126250575
5.5,1.1,0.1,532238.0709251645,825186520.0200154,3.8499999999999996,0.0006556556410205099,529302639.065734,347267.94930039585,529649907.01503444,0.4933633876691083,0.08251865200200152,1.5206802026433271e-05,0.004583333333333333,0.08711719213736129
6.0,1.1,0.1,551865.40019723,744356336.7133087,4.199999999999999,0.0007741703234617615,482522891.9907118,373844.3225502671,482896736.3132621,0.538213917120776,0.07443563367133087,1.5767582862778e-05,0.004999999999999999,0.07945140125419364
6.5,1.1,0.1,571506.851264465,665635808.5123537,4.55,0.000922123470262058,435055977.1407667,401545.60202330054,435457522.74279,0.5830640036894488,0.06656358085123537,1.6328767178984718e-05,0.005416666666666667,0.07199657628508102
7.0,1.1,0.1,590762.1371822793,590317319.7900907,4.8999999999999995,0.0011068901903727479,387863530.25554335,429798.0761175,388293328.33166087,0.6279163164088742,0.059031731979009065,1.687891820520798e-05,0.005833333333333334,0.0648819442305476
7.5,1.1,0.1,609254.147789387,519459373.41873854,5.25,0.0013377083008815074,341901411.493886,457976.99586746,342359388.4897534,0.6727671530601057,0.05194593734187385,1.740726136541106e-05,0.00625,0.058213344603239264
8.0,1.1,0.1,626653.7287409181,453843664.6232568,5.6,0.001626130932673887,298049521.2692856,485456.96258797514,298534978.2318736,0.7176184040485148,0.04538436646232567,1.7904392249740518e-05,0.006666666666666666,0.05206893752124208
8.5,1.1,0.1,642691.7147501762,393984131.43049055,5.949999999999999,0.0019864625164091017,257057658.60011217,511651.7804483251,257569310.3805605,0.7624705805339772,0.03939841314304905,1.8362620421433607e-05,0.007083333333333333,0.04650010909680381
9.0,1.1,0.1,657171.5421437165,340125710.1765203,6.3,0.002436353345945338,219490175.4524809,536061.6589822756,220026237.1114632,0.8073213325187767,0.034012571017652024,1.877632977553476e-05,0.0075,0.041531347347427555
9.5,1.1,0.1,669975.3315498589,292266090.4840012,6.6499999999999995,0.0029975288861688906,185697576.31768742,558307.3916376155,186255883.70932505,0.8521725465394461,0.02922660904840012,1.914215232999597e-05,0.007916666666666667,0.03716241786739678
10.0,1.1,0.1,681055.3562274345,250211340.84325302,7.0,0.0036964224002486554,155826579.48430634,578137.9008470413,156404717.38515338,0.8970220806374314,0.0250211340843253,1.9458724463640986e-05,0.008333333333333335,0.03337392614212228
10.5,1.1,0.1,690426.99996567,213615160.03072,7.35,0.004565152757576994,129834544.68268177,595432.7712444966,130429977.45392627,0.9418727171853237,0.021361516003071998,1.972648571330486e-05,0.008749999999999999,0.0301312424887853
11.0,1.1,0.1,698154.7510084359,182033903.49520838,7.699999999999999,0.005642330086744276,107533962.80506653,610184.9787459243,108144147.78381245,0.9867255985204044,0.018203390349520836,1.9947278600241026e-05,0.009166666666666667,0.027390004294787742
11.5,1.1,0.1,704337.7677477534,154969660.68877104,8.049999999999999,0.006974202643195103,88631913.15094092,622478.2121613178,89254391.36310224,1.0315777406540265,0.015496966068877103,2.0123936221364384e-05,0.009583333333333333,0.0251004233384318
12.0,1.1,0.1,709098.807221144,131905029.07061991,8.399999999999999,0.008615596508633963,72776640.36410426,632463.2165110986,73409103.58061536,1.0764286479019352,0.01319050290706199,2.025996592060411e-05,0.009999999999999998,0.023210762872982592
0.0,1.2000000000000002,0.1,406520.756341026,1412601383.2071235,0.0,0.0002473559298121047,816385237.6134119,201987.6923882028,816587225.3058001,0.0,0.14126013832071235,1.1614878752600743e-05,0.0,0.14127175319946494
0.5,1.2000000000000002,0.1,407582.07169943576,1406997133.683904,0.3,0.00024922570455283957,814489194.9590634,203042.24681136323,814692237.2058748,0.04441040606069965,0.14069971336839038,1.1645202048555307e-05,0.00035714285714285714,0.1410685014275818
1.0,1.2000000000000002,0.1,410758.17292891664,1390313791.86628,0.6,0.00025489972384640014,808796659.8091851,206214.60928021075,809002874.4184654,0.08882080167472803,0.139031379186628,1.1735947797969047e-05,0.0007142857142857143,0.1397574008487117
1.5,1.2000000000000002,0.1,416022.5748046946,1362920043.2277093,0.8999999999999999,0.00026457618826808643,799292503.339455,211529.7295743659,799504033.0690293,0.13323110900076413,0.13629200432277092,1.1886359280134133e-05,0.0010714285714285715,0.13737531925347962
2.0,1.2000000000000002,0.1,423328.84465131635,1325420820.2836428,1.2,0.00027859455061484897,785957887.7187183,219024.6035922036,786176912.3223104,0.1776416137463744,0.13254208202836426,1.2095109847180468e-05,0.0014285714285714286,0.13398274856678286
2.5,1.2000000000000002,0.1,432607.07436329,1278637989.5118883,1.5,0.0002974508329132547,768777729.1702528,228741.6152508305,769006470.7855036,0.2220520668108128,0.12786379895118882,1.236020212466543e-05,0.0017857142857142859,0.12966187343902777
3.0,1.2000000000000002,0.1,443758.94587859226,1223588034.1003575,1.7999999999999998,0.0003218178927519295,747754736.2240764,240718.3209697084,747995454.5450461,0.26646221591074376,0.12235880341003574,1.2678827025102636e-05,0.002142857142857143,0.12451433937991799
3.5,1.2000000000000002,0.1,456653.50239202793,1161450797.3875647,2.1,0.00035257570063213027,722924337.340589,254975.45289082368,723179312.7934799,0.3108728082679072,0.11614507973875646,1.3047242925486514e-05,0.0025,0.11865812698168195
4.0,1.2000000000000002,0.1,471122.5567433705,1093537673.7886753,2.4,0.00039084822827479746,694375527.466929,271501.56057175045,694647029.0275007,0.3552829576870667,0.10935376737886753,1.3460644478382015e-05,0.002857142857142857,0.11222437088048877
4.5,1.2000000000000002,0.1,486958.4013946051,1021249478.136634,2.6999999999999997,0.0004380526241684949,662272709.5807172,290237.4376181933,662562947.0183353,0.3996926266844019,0.1021249478136634,1.3913097182703005e-05,0.003214285714285714,0.1053531466251318
5.0,1.2000000000000002,0.1,503913.0060417151,946036920.2271967,3.0,0.0004959592956322708,626876865.1759864,311059.68144135544,627187924.8574277,0.4441040255285234,0.09460369202271966,1.4397514458334717e-05,0.0035714285714285718,0.09818951810860657
5.5,1.2000000000000002,0.1,521700.484732851,869355322.8742855,3.3,0.0005667629267178859,588566426.8217676,333766.79728026123,588900193.6190479,0.48851412885455425,0.08693553228742854,1.4905728135224316e-05,0.003928571428571429,0.0908790094441352
6.0,1.2000000000000002,0.1,540006.1079468717,792611124.504983,3.5999999999999996,0.000653178290071237,547843637.2794633,358073.45603233797,548201710.7354957,0.5329247100010384,0.07926111245049829,1.542874594133919e-05,0.004285714285714286,0.0835622554821539
6.5,1.2000000000000002,0.1,558494.1263765743,717122469.9140897,3.9,0.0007585393297987581,505335393.3608827,383607.752170793,505719001.1130535,0.5773350642959844,0.07171224699140896,1.5956975039330692e-05,0.004642857142857143,0.07637106110930543
7.0,1.2000000000000002,0.1,576825.936122928,644062500.5674664,4.2,0.0008869391516103249,461770492.562693,409925.9082495227,462180418.4709425,0.6217454154842326,0.06440625005674663,1.648074103208366e-05,0.005,0.06942273079777872
7.5,1.2000000000000002,0.1,594672.3580846417,574435159.4005452,4.5,0.0010433650931810663,417948786.6267464,436528.6334420363,418385315.26018846,0.6661534342517416,0.05744351594005452,1.6990638802418336e-05,0.005357142857142857,0.0628176494359998
8.0,1.2000000000000002,0.1,611733.7366816088,509034375.34193844,4.8,0.0012338827112003557,374690174.9028314,462894.88686724956,375153069.7896986,0.7105659305551517,0.05090343753419384,1.7478106762331683e-05,0.005714285714285714,0.05663520135524188
8.5,1.2000000000000002,0.1,627751.8816424402,448437810.3885077,5.1,0.0014658240599216546,332780500.3751842,488513.739315403,333269014.11449957,0.7549766616943238,0.04484378103885077,1.7935768046926866e-05,0.006071428571428571,0.05093314537832627
9.0,1.2000000000000002,0.1,642519.8320360626,393008635.7730538,5.3999999999999995,0.001747980170955506,292921032.9914751,512916.72559058585,293433949.7170657,0.7993853286205995,0.039300863577305375,1.8357709486744647e-05,0.006428571428571428,0.04574779271536355
9.5,1.2000000000000002,0.1,655894.9453154064,342885211.1245558,5.7,0.0020909791805421873,255668657.0697277,535718.014264449,256204375.08399212,0.843796866201075,0.03428852111245558,1.8739855580440186e-05,0.006785714285714286,0.04109297525375031
10.0,1.2000000000000002,0.1,667786.5226309029,298048215.26741713,6.0,0.002507326601660751,221438248.82947433,556613.6240617705,221994862.4535361,0.8882071774054204,0.029804821526741715,1.907961493231151e-05,0.0071428571428571435,0.03696675828453117
10.5,1.2000000000000002,0.1,678165.3555528016,258308423.2888773,6.3,0.003012018742617709,190462989.5097058,575411.2436287568,191038400.75333458,0.9326175757037479,0.02583084232888773,1.9376153015794333e-05,0.0075,0.033350218481903525
11.0,1.2000000000000002,0.1,687043.1972613222,223384918.99127638,6.6,0.003622505695409503,162832692.9748745,592006.9060893803,163424699.88096386,0.9770294115065769,0.022338491899127635,1.962980563603778e-05,0.007857142857142858,0.03021526456190653
11.5,1.2000000000000002,0.1,694475.1315950495,192903896.32273966,6.8999999999999995,0.004359489536922219,138490857.3856067,606393.0077042893,139097250.393311,1.0214386679492835,0.019290389632273964,1.9842146617001418e-05,0.008214285714285714,0.02752451749317668
12.0,1.2000000000000002,0.1,700539.7632969985,166460096.98593813,7.199999999999999,0.005246903588218177,117284576.58920696,618626.7406136531,117903203.32982062,1.0658485965534592,0.01664600969859381,2.001542180848567e-05,0.008571428571428572,0.02523745369183087
0.0,1.3,0.1,406520.756341026,1412601383.2071235,0.0,0.0002473559298121047,816385237.6134119,201987.6923882028,816587225.3058001,0.0,0.14126013832071235,1.1614878752600743e-05,0.0,0.14127175319946494
0.5,1.3,0.1,407492.2036466391,1407463925.058096,0.3,0.00024919990104371715,814214718.0843526,202952.80299338122,814417670.887346,0.04407124517414546,0.1407463925058096,1.1642634389903974e-05,0.00035714285714285714,0.14111517799734236
1.0,1.3,0.1,410399.12647154613,1392166308.1299179,0.6,0.000254793948219275,807719112.4935373,205854.39217773834,807924966.885715,0.08814251307456775,0.13921663081299177,1.1725689327758462e-05,0.0007142857142857143,0.13994264221660524
1.5,1.3,0.1,415216.5003632974,1367032468.9884658,0.8999999999999999,0.0002643284044462964,796943144.3225262,210710.4065187432,797153854.7290449,0.13221363877673623,0.13670324689884658,1.1863328581808499e-05,0.0010714285714285715,0.13778653879885697
2.0,1.3,0.1,421901.16013032355,1332593923.4618514,1.2,0.00027812886666676856,781963719.0904232,217547.1891183068,782181266.2795415,0.1762852295500266,0.1332593923461851,1.2054318860866388e-05,0.0014285714285714286,0.1347000180936174
2.5,1.3,0.1,430389.07394919946,1289572068.9832187,1.5,0.00029666902904824753,762893901.8016059,226394.1572491248,763120295.958855,0.22035671420802383,0.12895720689832188,1.2296830684262843e-05,0.0017857142857142859,0.13075521801472043
3.0,1.3,0.1,440592.38116633636,1238856360.2713673,1.7999999999999998,0.0003205903455341637,739886129.3730946,237276.41840061752,740123405.7914952,0.2644277483556866,0.12388563602713672,1.2588353747609612e-05,0.002142857142857143,0.12604108152374147
3.5,1.3,0.1,452396.44252314395,1181476123.475675,2.1,0.00035072749249825627,713140526.410748,250205.74265965982,713390732.1534077,0.30849898784298124,0.1181476123475675,1.29256126435184e-05,0.0025,0.12066053796021102
4.0,1.3,0.1,465656.53979973064,1118573054.796777,2.4,0.0003881418538642024,682910117.8527824,265168.92232309753,683175286.7751055,0.3525699294381193,0.11185730547967769,1.3304472565706591e-05,0.002857142857142857,0.11472775280938625
4.5,1.3,0.1,480196.0348261559,1051368127.5771414,2.6999999999999997,0.00043416170992136835,649512010.7635472,282115.72905489005,649794126.4926021,0.39664169445552966,0.10513681275771414,1.3719886709318742e-05,0.003214285714285714,0.10836481835870916
5.0,1.3,0.1,495807.23128686793,981122074.3084744,3.0,0.0004904356631985372,613333352.9011999,300948.1453951577,613634301.0465951,0.4407130581258901,0.09811220743084743,1.4165920893910514e-05,0.0035714285714285718,0.10169780192316992
5.5,1.3,0.1,512253.2622332569,909099212.046629,3.3,0.0005589965424549804,574834288.6114861,321510.10285424895,575155798.7143403,0.48478441989212845,0.09090992120466289,1.4635807492378769e-05,0.003928571428571429,0.0948531284407267
6.0,1.3,0.1,529273.3415071573,836527709.4911393,3.5999999999999996,0.0006423397501494809,534547265.9677217,343581.653418207,534890847.6211399,0.5288554893122229,0.08365277094911393,1.5122095471633066e-05,0.004285714285714286,0.08795360733029985
6.5,1.3,0.1,546586.4267469504,764578125.9366349,3.9,0.000743495348914327,493076126.97158456,366872.5751173072,493442999.54670185,0.5729265334834,0.0764578125936635,1.561675504991287e-05,0.004642857142857143,0.08111628649157054
7.0,1.3,0.1,563908.7476626859,694299325.5667673,4.2,0.0008661641953677177,451067791.3233764,391037.4731862269,451458828.7965627,0.6169986084903808,0.06942993255667673,1.611167850464817e-05,0.005,0.07444604423518139
7.5,1.3,0.1,580959.0599431894,626612881.2764195,4.5,0.0010148196601247105,409194665.1046808,415680.63184390514,409610345.7365247,0.6610692201398706,0.06266128812764195,1.6598830284091127e-05,0.005357142857142857,0.0680350298150689
8.0,1.3,0.1,597472.540998692,562282783.7531328,4.8,0.0011948504497582837,368122311.4085144,440377.2943607527,368562688.70287514,0.7051406214395003,0.05622827837531328,1.707064402853406e-05,0.005714285714285714,0.061959634733627526
8.5,1.3,0.1,613212.8605884043,501898053.1729516,5.1,0.001412726041622324,328472849.12272614,464698.6397914957,328937547.76251763,0.7492116885612442,0.05018980531729515,1.752036744538298e-05,0.006071428571428571,0.0562787542561691
9.0,1.3,0.1,627979.2273467537,445876035.59973127,5.3999999999999995,0.001676156786880918,290793399.4689559,488233.6863069516,291281633.1552628,0.7932828137725734,0.04458760355997312,1.794226363847868e-05,0.006428571428571428,0.05103411725218303
9.5,1.3,0.1,641618.2275040996,394449928.600633,5.7,0.0019943659618010586,255521067.16054824,510620.8837780714,256031688.0443263,0.8373543917294346,0.039444992860063297,1.8331949357259988e-05,0.006785714285714286,0.04624903909513484
10.0,1.3,0.1,654015.8093853712,347717133.44024324,6.0,0.002378124195139008,222985143.80478048,531550.4586453412,223516694.26342583,0.8814268877481677,0.03477171334402432,1.8686165982439175e-05,0.0071428571428571435,0.041933256652863904
10.5,1.3,0.1,665109.0814892653,305619753.8732032,6.3,0.0028402271611872284,193375684.4012693,550795.2547925693,193926479.65606186,0.9254975330146294,0.03056197538732032,1.900311661397901e-05,0.0075,0.0380809785039343
11.0,1.3,0.1,674875.1004405399,267995789.79583663,6.6,0.0033956128777707295,166766184.80765662,568202.8014593931,167334387.60911602,0.9695682854157074,0.026799578979583658,1.928214572687257e-05,0.007857142857142858,0.03467600398245339
11.5,1.3,0.1,683324.2305201798,234607066.4348898,6.8999999999999995,0.004061568651431011,143127090.0939106,583691.2041930357,143710781.29810363,1.013640337032965,0.02346070664348898,1.952354944343371e-05,0.008214285714285714,0.031694515907218127
12.0,1.3,0.1,690499.2469178111,205149496.1754018,7.199999999999999,0.004858183493844343,122339603.30797502,597249.7905082181,122936853.09848323,1.057709443297338,0.02051494961754018,1.972854991193746e-05,0.008571428571428572,0.029106106738880692
0.0,1.4,0.1,406520.756341026,1412601383.2071235,0.0,0.0002473559298121047,816385237.6134119,201987.6923882028,816587225.3058001,0.0,0.14126013832071235,1.1614878752600743e-05,0.0,0.14127175319946494
0.5,1.4,0.1,407426.2403888668,1407903213.5805314,0.25,0.0002488688266131527,814973038.8086979,202871.8723745067,815175910.6810725,0.043201594128925803,0.1407903213580531,1.1640749725396196e-05,0.00029761904761904765,0.14109958115539756
1.0,1.4,0.1,410135.7850537933,1393908423.0221374,0.5,0.0002534467172202072,810730937.1146933,205529.18525787783,810936466.2999512,0.08640321787372127,0.13939084230221374,1.1718165287251237e-05,0.0005952380952380953,0.13999779856273908
1.5,1.4,0.1,414625.83488817065,1370896691.4044988,0.75,0.00026120951687916267,803639856.2483321,209973.2256002832,803849829.4739324,0.12960500648900267,0.13708966914044987,1.1846452425376303e-05,0.0008928571428571429,0.1379943727357324
2.0,1.4,0.1,420856.2146078314,1339327227.4600508,1.0,0.00027236068261642153,793672050.7356794,216223.95241522262,793888274.6880946,0.17280685209275926,0.13393272274600507,1.2024463274509469e-05,0.0011904761904761906,0.13513522339975576
2.5,1.4,0.1,428768.0708241008,1299823110.5591338,1.25,0.00028719312557099386,780796036.713274,224303.6726899665,781020340.3859639,0.21600842743582194,0.12998231105591337,1.2250516309260024e-05,0.001488095238095238,0.13148265681031787
3.0,1.4,0.1,438281.42679250217,1253151783.023457,1.5,0.0003060976317812226,764983709.1416326,234231.39939611327,765217940.5410286,0.2592102281213565,0.1253151783023457,1.2522326479785777e-05,0.0017857142857142859,0.12711341491453976
3.5,1.4,0.1,449293.1954646652,1200203487.079317,1.75,0.00032957380799300643,746220678.2648109,246015.8709262657,746466694.1357372,0.3024117761917445,0.12002034870793171,1.2836948441847576e-05,0.0020833333333333337,0.1221165189897069
4.0,1.4,0.1,461675.4192649817,1141963228.640638,2.0,0.0003582448741765047,724517409.9959931,259647.66582807645,724777057.6618212,0.34561329419976194,0.11419632286406381,1.3190726264713764e-05,0.002380952380952381,0.11659046597128091
4.5,1.4,0.1,475272.1678593858,1079489472.1858866,2.25,0.00039287203173165317,699923901.1672027,275088.5997261844,700198989.7669289,0.38881528208643473,0.10794894721858866,1.3579204795982452e-05,0.0026785714285714286,0.11064109785195608
5.0,1.4,0.1,489902.7392717197,1013874092.5000772,2.5,0.0004343799121219458,672541559.0002776,292265.4975580426,672833824.4978356,0.43201721342817884,0.10138740925000772,1.3997221122049136e-05,0.002976190476190476,0.10437759694732025
5.5,1.4,0.1,505361.40635086066,946218464.9645275,2.75,0.00048387956025966027,642536593.3240236,311060.84021094395,642847654.1642345,0.47521810514685214,0.09462184649645274,1.4438897324310306e-05,0.003273809523809524,0.09791009491758657
6.0,1.4,0.1,521420.1651650781,877607535.5891317,3.0,0.0005426928063898855,610153334.8342189,331305.62278753304,610484640.4570063,0.5184209121629956,0.08776075355891316,1.4897719004716518e-05,0.0035714285714285718,0.09134707984934645
6.5,1.4,0.1,537837.2353830544,809070525.6184102,3.25,0.0006123913096739138,575716448.6494818,352779.7892664461,576069228.4387482,0.5616231272820219,0.08090705256184101,1.5366778153801552e-05,0.003869047619047619,0.08479146695904244
7.0,1.4,0.1,554362.9002604507,741557887.2013535,3.5,0.0006948345816376141,539628776.4969404,375213.4464349476,540003989.9433753,0.6048234373075818,0.07415578872013535,1.583894000744145e-05,0.0041666666666666675,0.07833829432680946
7.5,1.4,0.1,570748.3512332768,675921640.1345555,3.75,0.000792202228264836,502367694.07326674,398292.3347281818,502765986.4079949,0.6480240794244672,0.06759216401345554,1.6307095749522194e-05,0.004464285714285714,0.07207275682349078
8.0,1.4,0.1,586757.0079696359,612884948.196258,4.0,0.0009070580642691948,464458888.7824466,421673.66308822134,464880562.4455348,0.6912267178812889,0.0612884948196258,1.6764485941989597e-05,0.004761904761904762,0.06606716406747255
8.5,1.4,0.1,602170.1431030958,553043080.2330643,4.25,0.001042377554924442,426460622.7671309,444996.8359453586,426905619.6030763,0.734426952177696,0.05530430802330643,1.7204861231517024e-05,0.00505952380952381,0.06038103669406176
9.0,1.4,0.1,616799.0298752725,496843126.30748266,4.5,0.0012016215207257671,388928322.0865039,467906.8888262152,389396228.9753301,0.7776311931077425,0.04968431263074826,1.7622829425007786e-05,0.005357142857142857,0.05505907831731613
9.5,1.4,0.1,630487.8917167363,444592123.71907085,4.75,0.001388786373226504,352386314.43712527,490069.91402030934,352876384.35114557,0.820832257746932,0.04445921237190708,1.801393976333532e-05,0.0056547619047619055,0.05013198821643232
10.0,1.4,0.1,643118.2003098598,396462202.8127881,5.0,0.001608461117373984,317301840.32425,511189.9017132646,317813030.22596323,0.8640324235927129,0.039646220281278816,1.8374805723138854e-05,0.005952380952380952,0.0456169760393829
10.5,1.4,0.1,654609.9410352533,352501888.2477618,5.25,0.0018659052795075308,284061284.68570846,531022.2880896378,284592306.9737981,0.9072340872445156,0.03525018882477618,1.870314117243581e-05,0.00625,0.041518891965948615
11.0,1.4,0.1,664917.0920621428,312661978.38766086,5.5,0.0021670626971171053,252962955.014949,549377.1182249633,253512332.13317394,0.9504375868113673,0.03126619783876609,1.8997631201775507e-05,0.006547619047619048,0.03783281451758691
11.5,1.4,0.1,674030.3230530266,276796277.32649696,5.75,0.0025187506197992017,224200401.72720468,566130.8432218793,224766532.57042655,0.993637604716403,0.027679627732649693,1.9258009230086477e-05,0.006845238095238096,0.03454412383711788
12.0,1.4,0.1,681964.0935768022,244704766.54666945,6.0,0.002928582666893834,197880682.99097717,581212.0659024807,198461895.05687964,1.036840055685997,0.024470476654666944,1.9484688387908635e-05,0.0071428571428571435,0.031632818485912
0.0,1.5,0.1,406520.756341026,1412601383.2071235,0.0,0.0002473559298121047,816385237.6134119,201987.6923882028,816587225.3058001,0.0,0.14126013832071235,1.1614878752600743e-05,0.0,0.14127175319946494
0.5,1.5,0.1,407366.7502308063,1408112180.0211315,0.25,0.00024886823495088645,814813795.287819,202831.74942638417,815016627.0372454,0.0433558193974528,0.14081121800211313,1.1639050006594467e-05,0.00029761904761904765,0.14112047609973877
1.0,1.5,0.1,409898.14050857216,1394739310.4188583,0.5,0.0002534442207330056,810101648.4531676,205367.63024574774,810307016.0834134,0.08671189689220045,0.13947393104188582,1.1711375443102062e-05,0.0005952380952380953,0.140080880512567
1.5,1.5,0.1,414092.4400640517,1372746813.9781895,0.75,0.0002612035239112667,802252421.3546406,209605.90932632712,802462027.2639669,0.1300674975396316,0.13727468139781893,1.1831212573258621e-05,0.0008928571428571429,0.13817936975324932
2.0,1.5,0.1,419911.7014197327,1342567849.8943052,1.0,0.0002723491293441657,791275456.6864631,215561.88979297024,791491018.576256,0.1734229647681417,0.1342567849894305,1.1997477183420935e-05,0.0011904761904761906,0.1354592586570901
2.5,1.5,0.1,427300.8373674828,1304789287.720701,1.25,0.0002871732328248788,777189190.5614263,223252.04438139533,777412442.6058077,0.2167788920523744,0.1304789287720701,1.2208595353356652e-05,0.001488095238095238,0.1319792326055187
3.0,1.5,0.1,436185.9664233667,1260134372.3360007,1.5,0.0003060646996220149,760028073.9337397,232688.9820362208,760260762.9157759,0.26013355552487255,0.12601343723360006,1.2462456183524763e-05,0.0017857142857142859,0.12781161397549787
3.5,1.5,0.1,446472.84133819904,1209438473.3305986,1.75,0.0003295210865009313,739847609.3442538,243875.75027843806,740091485.0945323,0.303490408187036,0.12094384733305985,1.2756366895377116e-05,0.0020833333333333337,0.12303993703328857
4.0,1.5,0.1,458046.06295789534,1153625830.0283234,2.0,0.0003581611523307373,716735571.195402,256798.8134547185,716992370.0088568,0.34684693047414306,0.11536258300283232,1.3087030370225581e-05,0.002380952380952381,0.11775662241415494
4.5,1.5,0.1,470767.06797478534,1093683598.2271173,2.25,0.00039274213330122495,690818383.5671132,271420.08378857985,691089803.6509018,0.3902017091367704,0.10936835982271172,1.345048765642244e-05,0.0026785714285714286,0.11206038173893958
5.0,1.5,0.1,484475.41353542847,1030633495.4214116,2.5,0.00043417922607639353,662272607.9771543,287669.90868143237,662560277.8858356,0.4335574681415635,0.10306334954214116,1.3842154672440816e-05,0.002976190476190476,0.10605338217300408
5.5,1.5,0.1,498990.15190941363,965503170.3271372,2.75,0.0004835695094655749,631331974.8135,305440.59512925445,631637415.4086293,0.4769140040740589,0.09655031703271372,1.4256861483126106e-05,0.003273809523809524,0.09983838341800637
6.0,1.5,0.1,514112.3982802188,899298938.9954214,3.0,0.000542220731385677,598291033.7502091,324581.79688083037,598615615.5470899,0.5202695718173718,0.08992989389954213,1.468892566514911e-05,0.0035714285714285718,0.09351601139663586
6.5,1.5,0.1,529630.05525344,832981450.9001153,3.25,0.0006116804500547437,563508561.9629762,344898.13823963614,563853460.1012158,0.5636243414946872,0.08329814509001152,1.513228729295543e-05,0.003869047619047619,0.08718232499635209
7.0,1.5,0.1,545324.7409359206,767435635.3486459,3.5,0.0006937783276747565,527399887.765951,366152.64091700484,527766040.406868,0.606981147940255,0.0767435635348646,1.5580706883883445e-05,0.0041666666666666675,0.08092581090841515
7.5,1.5,0.1,560975.3403114503,703463234.3921113,3.75,0.0007906506574964946,490432931.05585676,388067.9455735672,490820999.00143033,0.6503349595929598,0.07034632343921113,1.6027866866041437e-05,0.004464285714285714,0.07482663702036288
8.0,1.5,0.1,576370.2663999376,641748648.0727687,4.0,0.0009048070693934338,453102912.0499719,410341.9983265207,453513254.0482984,0.6936913654133261,0.06417486480727687,1.6467721897141074e-05,0.004761904761904762,0.06895323729107877
8.5,1.5,0.1,591312.4498508105,582856804.3909758,4.25,0.0010391682118716947,415917052.5489516,432657.38358389173,416349709.9325355,0.7370486553882107,0.058285680439097584,1.689464142430887e-05,0.00505952380952381,0.0633620988900457
9.0,1.5,0.1,605622.6124312273,527237403.78652424,4.5,0.0011970911334919891,379376037.2908158,454691.9982597482,379830729.2890755,0.7804034859539417,0.05272374037865242,1.730350321232078e-05,0.005357142857142857,0.0580981867390076
9.5,1.5,0.1,619153.6657454165,475195288.2904418,4.75,0.001382496231725469,343934412.6391174,476146.29989965365,344410558.93901706,0.8237606817011784,0.04751952882904418,1.769010473558333e-05,0.0056547619047619055,0.053191980838541666
10.0,1.5,0.1,631782.9741142011,426931757.1835809,5.0,0.0015998324229467445,309999566.8175634,496742.06215105444,310496308.8797145,0.8671167341665909,0.04269317571835808,1.8050942117548605e-05,0.005952380952380952,0.04866360761285658
10.5,1.5,0.1,643423.1437373998,382526083.985711,5.25,0.0018542290514970909,277899363.50006974,516246.312104011,278415609.8121737,0.9104698459943412,0.03825260839857109,1.8383518392497138e-05,0.00625,0.04452099191696359
11.0,1.5,0.1,654016.439175978,341965529.80356467,5.5,0.0021514931892152637,247884287.9168372,534471.2684604747,248418759.18529767,0.9538272827770605,0.03419655298035646,1.8686183976456516e-05,0.006547619047619048,0.04076285821195196
11.5,1.5,0.1,663533.0137628164,305159287.87723804,5.75,0.0024982000177197167,220119146.21075043,551278.8598215203,220670425.07057196,0.9971858245048235,0.0305159287877238,1.895808610750904e-05,0.006845238095238096,0.03738012496906941
12.0,1.5,0.1,671969.9645541206,271950567.8004142,6.0,0.0029017501260630205,194688922.0358532,566582.6854395098,195255504.7212927,1.0405406517160567,0.02719505678004142,1.9199141844403445e-05,0.0071428571428571435,0.03435711306474296
0.0,1.6,0.1,406520.756341026,1412601383.2071235,0.0,0.0002473559298121047,816385237.6134119,201987.6923882028,816587225.3058001,0.0,0.14126013832071235,1.1614878752600743e-05,0.0,0.14127175319946494
0.5,1.6,0.1,407311.886063211,1408406718.2024488,0.25,0.000248864061362319,814600500.7802626,202775.25248483216,814803276.0327474,0.04355534682086974,0.14084067182024487,1.1637482458948887e-05,0.00029761904761904765,0.14114992835032286
1.0,1.6,0.1,409678.895409207,1395909517.4101787,0.5,0.00025342694764131466,809260620.4834044,205140.4370102148,809465760.9204146,0.08711061474354855,0.13959095174101785,1.1705111297405915e-05,0.0005952380952380953,0.14019789494755336
1.5,1.6,0.1,413600.1535750101,1375350198.1864023,0.75,0.00026116246587730045,800405209.4561161,209090.404768297,800614299.8608844,0.1306660744694702,0.13753501981864022,1.181714724500029e-05,0.0008928571428571429,0.13843969410874235
2.0,1.6,0.1,419039.3313153535,1347123453.1767008,1.0,0.0002722703109340217,788101610.2531656,214635.10923916253,788316245.3624048,0.1742211066859244,0.13471234531767007,1.1972552323295816e-05,0.0011904761904761906,0.13591479406046955
2.5,1.6,0.1,425944.2931720446,1311763137.1113853,1.25,0.00028703729308620447,772446110.8559777,221784.50113792118,772667895.3571156,0.2177769603738142,0.13117631371113853,1.2169836947772703e-05,0.001488095238095238,0.13267657878618153
3.0,1.6,0.1,434245.8976178463,1269925417.3971238,1.5,0.0003058451764626683,753564410.8907821,230544.55116381115,753794955.4419459,0.26133236699575646,0.12699254173971236,1.2407025646224182e-05,0.0017857142857142859,0.12879066305107287
3.5,1.6,0.1,443857.4155497944,1222367370.71031,1.75,0.000329180277446272,731615587.8737595,240912.72591825968,731856500.5996778,0.30488772746499576,0.12223673707103098,1.268164044427984e-05,0.0020833333333333337,0.1243327520448086
4.0,1.6,0.1,454673.0036975701,1169926041.5283606,2.0,0.0003576460584943299,706792578.551382,252872.01857269186,707045450.5699546,0.34844317087400145,0.11699260415283605,1.2990657248502004e-05,0.002380952380952381,0.11938654719103693
4.5,1.6,0.1,466568.6810556083,1113491187.8794127,2.25,0.0003919779877146329,679327818.4261072,266385.96870120394,679594204.3948084,0.3919985043777249,0.11134911878794125,1.3330533744445952e-05,0.0026785714285714286,0.11404102075025713
5.0,1.6,0.1,479401.37166721706,1053983977.7446966,2.5,0.0004330621587760921,649491265.5594481,281391.94977462234,649772657.5092227,0.43555306752190437,0.10539839777446965,1.3697182047634774e-05,0.002976190476190476,0.10838828543270776
5.5,1.6,0.1,493011.3252023923,992330002.530732,2.75,0.00048195572915876874,617594953.8281243,297796.9512437877,617892750.779368,0.47910928047503304,0.0992330002530732,1.4086037862925494e-05,0.003273809523809524,0.10252089581474566
6.0,1.6,0.1,507225.1937394643,929433565.1597337,3.0,0.0005399146746971786,583989155.3281974,315474.64421561064,584304629.972413,0.5226648393804815,0.09294335651597337,1.4492148392556123e-05,0.0035714285714285718,0.09652927723579449
6.5,1.6,0.1,521857.1010945956,866164554.4100928,3.25,0.0006084143962606847,549062942.9070991,334261.1682247964,549397204.0753239,0.5662202495328179,0.08661645544100928,1.4910202888417017e-05,0.003869047619047619,0.09050041326294532
7.0,1.6,0.1,536715.8630938458,803328903.7674536,3.5,0.0006891871506370271,513234510.9494511,353958.57391083747,513588469.5233619,0.609775558918049,0.08033289037674535,1.5334738945538452e-05,0.0041666666666666675,0.08451489178235755
7.5,1.6,0.1,551610.315805711,741652287.7518938,3.75,0.00078425897305865,476941422.75518906,374339.16927158454,477315761.92446065,0.6533312083280963,0.07416522877518937,1.576029473730603e-05,0.004464285714285714,0.07864527478421239
8.0,1.6,0.1,566353.1265970939,681772623.4612042,4.0,0.0008959848477647658,440627724.6588206,395149.81304445345,441022874.47186506,0.6968848688895584,0.06817726234612041,1.6181517902774113e-05,0.004761904761904762,0.07295534862592795
8.5,1.6,0.1,580767.8651200498,624225904.6480051,4.25,0.0010270882488025495,404731641.39361,416122.5073312866,405147763.9009413,0.7404412492915093,0.06242259046480051,1.6593367574858567e-05,0.00505952380952381,0.06749870764189918
9.0,1.6,0.1,594692.5474007311,569447721.6669544,4.5,0.0011806992298337526,369668285.7455452,436983.00577209436,370105268.7513173,0.7839970804973007,0.05694477216669543,1.699121564002089e-05,0.005357142857142857,0.06231890623947831
9.5,1.6,0.1,607987.4072826136,517759639.09996706,4.75,0.0013604238237405924,335810516.4966528,457466.9758772376,336267983.47253,0.8275501360278876,0.051775963909996704,1.7371068779503245e-05,0.0056547619047619055,0.057448096883538115
10.0,1.6,0.1,620535.5677448735,469382166.5594617,5.0,0.001570375312794494,303480269.17099637,477327.50595783466,303957596.6769542,0.871106084618131,0.04693821665594617,1.7729587649853528e-05,0.005952380952380952,0.052908327195976976
10.5,1.6,0.1,632244.1407979585,424442780.8423672,5.25,0.0018152199853343127,272938191.7121532,496343.83360326267,273434535.54575646,0.9146612813383505,0.04244427808423672,1.80641183085131e-05,0.00625,0.04871234220254523
11.0,1.6,0.1,643047.2497620009,382978938.5466583,5.5,0.002100257670848332,244375715.46608225,514332.20112747094,244890047.6672097,0.9582176996125618,0.038297893854665824,1.8372778564628596e-05,0.006547619047619048,0.0448638856808495
11.5,1.6,0.1,652902.5119170997,344957033.0572558,5.75,0.0024314380010070414,217918281.8794791,531146.2408299757,218449428.12030908,1.0017729367049502,0.03449570330572558,1.865435748334571e-05,0.006845238095238096,0.041359595758447026
12.0,1.6,0.1,661790.8321983134,310280887.36291873,6.0,0.0028154631463510244,193624336.85441574,546681.3458322523,194171018.200248,1.0453278872557483,0.031028088736291874,1.8908309491380385e-05,0.0071428571428571435,0.0381898541886404
0.0,1.7000000000000002,0.1,406520.756341026,1412601383.2071235,0.0,0.0002473559298121047,816385237.6134119,201987.6923882028,816587225.3058001,0.0,0.14126013832071235,1.1614878752600743e-05,0.0,0.14127175319946494
0.5,1.7000000000000002,0.1,407270.8226356518,1408766736.332546,0.25,0.00024873325418720975,814756689.2465944,202707.50278391826,814959396.7493783,0.043461910729827406,0.1408766736332546,1.1636309218161481e-05,0.00029761904761904765,0.1411859289900918
1.0,1.7000000000000002,0.1,409514.9187123438,1397338556.5776136,0.5,0.0002528949923381298,809888536.5405177,204868.56547745012,810093405.1059952,0.0869235644018945,0.13973385565776136,1.1700426248924108e-05,0.0005952380952380953,0.14034079417924838
1.5,1.7000000000000002,0.1,413232.3907677775,1378524752.3608263,0.75,0.0002599325259853454,801828646.7265073,208475.535123483,802037122.2616308,0.130385479667897,0.13785247523608263,1.1806639736222215e-05,0.0008928571428571429,0.13875713901867598
2.0,1.7000000000000002,0.1,418388.51869308786,1352666750.5180397,1.0,0.000269999745287269,790656151.9598916,213534.6139303542,790869686.5738219,0.17384745244051478,0.13526667505180395,1.1953957676945369e-05,0.0011904761904761906,0.13646910519995709
2.5,1.7000000000000002,0.1,424933.98175483,1320227025.0229468,1.25,0.0002833158210820438,776480465.6110345,220051.54475283995,776700517.1557873,0.21730931586515304,0.13202270250229467,1.2140970907280858e-05,0.001488095238095238,0.1335229387112972
3.0,1.7000000000000002,0.1,432803.88384933036,1281772951.6594074,1.5,0.00030017004488137373,759437145.7605944,228028.7295215147,759665174.4901159,0.26077148996980903,0.12817729516594073,1.2365825252838011e-05,0.0017857142857142859,0.12997537527690783
3.5,1.7000000000000002,0.1,441917.0551676003,1237961000.4151282,1.75,0.0003209261515450191,739688070.0728197,237461.4532625683,739925531.5260823,0.30423350501965085,0.12379610004151281,1.2626201576217153e-05,0.0020833333333333337,0.12589205957642235
4.0,1.7000000000000002,0.1,452176.07654951257,1189515064.0087955,2.0,0.0003460293405955884,717420278.3066909,248334.3968199466,717668612.7035109,0.3476947993756738,0.11895150640087954,1.2919316472843216e-05,0.002380952380952381,0.12134537809830477
4.5,1.7000000000000002,0.1,463466.21954259794,1137209435.144961,2.25,0.000376013463635285,692843040.1333183,260616.3065162228,693103656.4398345,0.39115722116148843,0.1137209435144961,1.324189198693137e-05,0.0026785714285714286,0.11641275683505446
5.0,1.7000000000000002,0.1,475657.3710396485,1081844409.057762,2.5,0.0004115097076829176,666190872.7852681,274256.87068557926,666465129.6559536,0.4346188506156681,0.10818444090577618,1.3590210601132814e-05,0.002976190476190476,0.11117422159256779
5.5,1.7000000000000002,0.1,488605.0075507137,1024226297.7162869,2.75,0.00045325989517994267,637717250.7181243,289182.7291484399,638006433.4472727,0.4780807459673796,0.10242262977162869,1.3960143072877537e-05,0.003273809523809524,0.1057103994385111
6.0,1.7000000000000002,0.1,502151.3076874533,965152523.0105845,3.0,0.0005021224560988203,607700641.5044123,305293.43337362056,608005934.9377859,0.5215428777682919,0.09651525230105845,1.4347180219641522e-05,0.0035714285714285718,0.10010102805270667
6.5,1.7000000000000002,0.1,516130.1011267655,905386944.2808932,3.25,0.0005590923349913741,576436971.0445324,322461.7780250642,576759432.8225574,0.5650039750849343,0.09053869442808932,1.4746574317907587e-05,0.003869047619047619,0.09442248862145484
7.0,1.7000000000000002,0.1,530369.672069346,845647031.857928,3.5,0.0006253101264480165,544241867.1789734,340532.889448149,544582400.0684216,0.6084657752566057,0.0845647031857928,1.5153419201981313e-05,0.0041666666666666675,0.08874652327166145
7.5,1.7000000000000002,0.1,544696.4337507117,786593726.0248059,3.75,0.0007020764745913857,511444203.83747226,359325.217362248,511803529.0548345,0.6519286731823899,0.07865937260248058,1.5562755250020334e-05,0.004464285714285714,0.08313922107201632
8.0,1.7000000000000002,0.1,558941.344603225,728814198.6389155,4.0,0.0007908731778953372,478378954.34207207,378636.53734031663,478757590.8794124,0.6953896798558173,0.07288141986389154,1.5969752702949285e-05,0.004761904761904762,0.07765929437849925
8.5,1.7000000000000002,0.1,572943.1320060032,672816758.1533669,4.25,0.0008933731575756255,445382521.0062737,398248.57370615896,445780769.57997984,0.7388520872152078,0.06728167581533669,1.636980377160009e-05,0.00505952380952381,0.0723575694286321
9.0,1.7000000000000002,0.1,586553.2896284998,619026097.2032034,4.5,0.0010114624874637689,412780277.6041712,417934.49142179044,413198212.09559304,0.7823131209221792,0.06190260972032034,1.6758665417957136e-05,0.005357142857142857,0.06727651124288116
9.5,1.7000000000000002,0.1,599640.901156391,567775766.1064004,4.75,0.0011472638287584502,380877661.8846312,437469.0570877263,381315130.94171894,0.825776225586192,0.056777576610640035,1.7132597175896886e-05,0.0056547619047619055,0.062449471112577835
10.0,1.7000000000000002,0.1,612092.0404226227,519322539.79750067,5.0,0.001303120680414995,349957622.0587742,456632.06125600665,350414254.12003016,0.869237705705135,0.05193225397975006,1.7488344012074936e-05,0.005952380952380952,0.05790212327614309
10.5,1.7000000000000002,0.1,623816.2175889182,473832342.4870629,5.25,0.0014816711756911324,320259265.49713814,475223.0467254804,320734488.5438636,0.9126980648052437,0.04738323424870628,1.782332050254052e-05,0.00625,0.05365105756920882
11.0,1.7000000000000002,0.1,634742.843955395,431401625.9942798,5.5,0.0016858127875503072,291984188.3531,493061.8885248824,292477250.2416249,0.9561622910880382,0.04314016259942798,1.8135509827297002e-05,0.006547619047619048,0.04970591715687432
11.5,1.7000000000000002,0.1,644823.251165658,392059084.47093743,5.75,0.0019187323988651337,265288629.17204285,509996.43452514574,265798625.60656798,0.9996234121139779,0.03920590844709374,1.8423521461875944e-05,0.006845238095238096,0.04606957006379372
12.0,1.7000000000000002,0.1,654030.2749378795,355769684.67647,6.0,0.00218395676034626,240279162.94015262,525907.8623046863,240805070.8024573,1.0430812684147805,0.035576968467647,1.8686579283939417e-05,0.0071428571428571435,0.04273851218978808
0.0,1.8,0.1,406520.756341026,1412601383.2071235,0.0,0.0002473559298121047,816385237.6134119,201987.6923882028,816587225.3058001,0.0,0.14126013832071235,1.1614878752600743e-05,0.0,0.14127175319946494
0.5,1.8,0.1,407239.0317421595,1408888685.0355625,0.2,0.00024854117530371893,815300533.5606208,202686.12868554713,815503219.6893064,0.0425539615006981,0.14088886850355622,1.1635400906918845e-05,0.00023809523809523815,0.14113859914255839
1.0,1.8,0.1,409388.0359252932,1397823224.9112184,0.4,0.0002521179264306521,812045085.1667452,204782.75244335685,812249867.9191885,0.08510767400039068,0.13978232249112182,1.169680102643695e-05,0.0004761904761904763,0.14027020976833873
1.5,1.8,0.1,412947.95264368533,1379603931.8694832,0.6000000000000001,0.00025815092345926946,806611719.3866639,208281.32824996347,806820000.7149138,0.12766148497152457,0.1379603931869483,1.1798512932676725e-05,0.0007142857142857144,0.1386864774141667
2.0,1.8,0.1,417885.8080068262,1354557148.4882493,0.8,0.0002667490105660793,798990706.088969,213186.84768141026,799203892.9366504,0.17021559062162123,0.13545571484882493,1.193959451448075e-05,0.0009523809523809526,0.13642003539572037
2.5,1.8,0.1,424154.5271676922,1323124920.8548088,1.0,0.00027806649884422433,789172281.4511895,219503.40983269762,789391784.8610222,0.21276893996652496,0.13231249208548088,1.2118700776219778e-05,0.0011904761904761906,0.13351508697673328
3.0,1.8,0.1,431692.6396089958,1285850261.721192,1.2000000000000002,0.0002923057996647961,777149838.7758164,227231.82626341764,777377070.6020799,0.25532270797732515,0.12858502617211917,1.233407541739988e-05,0.0014285714285714288,0.130025931676108
3.5,1.8,0.1,440423.7667782916,1243359680.41074,1.4000000000000001,0.00030972034639905656,762924463.7027916,236366.4366689853,763160830.1394606,0.29787660453228926,0.12433596804107398,1.2583536193665475e-05,0.0016666666666666668,0.12601521824393433
4.0,1.8,0.1,450256.226280678,1196345759.3876019,1.6,0.0003306178228525549,746510480.1972777,246891.29636232374,746757371.49364,0.3404307005552408,0.11963457593876017,1.2864463608019371e-05,0.0019047619047619052,0.1215522023071301
4.5,1.8,0.1,461083.14339843445,1145545912.3414006,1.8,0.0003553650874493682,727940483.5607755,258776.59376538364,728199260.1545409,0.3829849112108711,0.11455459123414005,1.3173804097098128e-05,0.002142857142857143,0.11671062218109429
5.0,1.8,0.1,472782.85441779066,1091726515.0349593,2.0,0.000384391258861597,707273262.7136242,271974.2043204157,707545236.9179447,0.4255380204703572,0.10917265150349593,1.3508081554794019e-05,0.002380952380952381,0.11156711196600312
5.5,1.8,0.1,485221.66016928124,1035653673.7341112,2.2,0.00041819878734682765,684594926.2404027,286416.54703017144,684881342.7874329,0.46809114131312785,0.10356536737341111,1.3863476004836607e-05,0.0026190476190476194,0.10619827846846357
6.0,1.8,0.1,498253.0891858628,978089204.1378615,2.4000000000000004,0.0004573619974743558,660029661.887329,302010.61273020925,660331672.5000592,0.5106464469063706,0.09780892041378614,1.423580254816751e-05,0.0028571428571428576,0.10068029907347717
6.5,1.8,0.1,511722.43869822327,919764509.1776199,2.6,0.0005025392371484781,633738925.7839065,318638.8048166388,634057564.5887231,0.5531990385225747,0.09197645091776199,1.4620641105663522e-05,0.0030952380952380953,0.09508630965410575
7.0,1.8,0.1,525470.6531696904,861365373.0197984,2.8000000000000003,0.0005544800607052934,605923883.2487197,336159.1050875328,606260042.3538072,0.5957548527860024,0.08613653730197983,1.5013447233419727e-05,0.0033333333333333335,0.08948488408254658
7.5,1.8,0.1,539336.6312862765,803522548.2201891,3.0,0.0006140336269889567,576822419.3082713,354405.979445388,577176825.2877166,0.6383076504811096,0.08035225482201891,1.540961803675076e-05,0.0035714285714285718,0.08393909301148424
8.0,1.8,0.1,553162.5870620422,746800659.2154865,3.2,0.0006821546577433039,546708027.4874431,373194.0034038773,547081221.490847,0.6808593641811937,0.07468006592154865,1.580464534462978e-05,0.0038095238095238104,0.07850539437641708
8.5,1.8,0.1,566797.2007774072,691691084.7131412,3.4000000000000004,0.0007599132353776736,515880620.6353513,392322.64266435103,516272943.2780157,0.723416618763925,0.06916910847131412,1.619420573649735e-05,0.004047619047619048,0.07323292172466966
9.0,1.8,0.1,580099.8584686737,638607401.1671426,3.6,0.0008485024008853961,484657905.01390195,411582.6248577365,485069487.6387597,0.7659690910991012,0.06386074011671426,1.6574281670533534e-05,0.004285714285714286,0.06816302868409908
9.5,1.8,0.1,592944.9871193905,587880894.9124745,3.8000000000000003,0.0009492494625585587,453363606.15454763,430764.0620401956,453794370.21658784,0.808522150269139,0.05878808949124745,1.69412853462683e-05,0.0045238095238095246,0.06332884030040324
10.0,1.8,0.1,605224.3715071253,539760322.4648815,4.0,0.0010636328636212597,422313074.51676774,449664.3425653192,422762738.85933304,0.8510757593806676,0.053976032246488156,1.729212490020358e-05,0.004761904761904762,0.05875522913329312
10.5,1.8,0.1,616846.5084646302,494427085.8742389,4.2,0.001193257786736401,391811320.0178833,468090.4611304481,392279410.47901374,0.8936313603258121,0.04944270858742389,1.7624185956132294e-05,0.005,0.05446033277338002
11.0,1.8,0.1,627740.8711387112,451985070.03646684,4.4,0.0013399035973717356,362130640.80389947,485871.16885868966,362616511.9727582,0.9361824920409579,0.04519850700364668,1.7935453461106033e-05,0.005238095238095239,0.05045453769520302
11.5,1.8,0.1,637856.1901936035,412475465.40514326,4.6000000000000005,0.0015055130554787765,333508669.2006062,502858.71595880244,334011527.916565,0.9787372341248818,0.041247546540514324,1.82244625769601e-05,0.005476190476190477,0.04674196147928176
12.0,1.8,0.1,647158.7435640468,375887893.6310652,4.800000000000001,0.0016921846996951315,306144146.5647065,518930.5670838436,306663077.13179034,1.0212932741812641,0.037588789363106515,1.8490249816115623e-05,0.005714285714285715,0.04332156532720834
0.0,1.9000000000000001,0.1,406520.756341026,1412601383.2071235,0.0,0.0002473559298121047,816385237.6134119,201987.6923882028,816587225.3058001,0.0,0.14126013832071235,1.1614878752600743e-05,0.0,0.14127175319946494
0.5,1.9000000000000001,0.1,407205.1034573868,1408986555.5882068,0.2,0.0002485443234240717,815214544.0495731,202667.31910797211,815417211.3686811,0.04301808356484248,0.14089865555882067,1.1634431527353909e-05,0.00023809523809523815,0.14114838522844325
1.0,1.9000000000000001,0.1,409252.54288072744,1398212761.392976,0.4,0.0002521306612900903,811704174.4558669,204707.12321983275,811908881.5790868,0.08603639463687227,0.1398212761392976,1.1692929796592214e-05,0.0004761904761904763,0.14030915954528464
1.5,1.9000000000000001,0.1,412643.9572946372,1380473307.0429196,0.6000000000000001,0.00025818002781673275,805856180.8950098,208109.70096814452,806064290.5959779,0.12905438231159108,0.13804733070429195,1.1789827351275348e-05,0.0007142857142857144,0.13877340624592896
2.0,1.9000000000000001,0.1,417347.54385392467,1356085341.7382362,0.8,0.00026680179049615914,797675841.6655223,212878.13906055092,797888719.8045828,0.17207242500369427,0.13560853417382362,1.1924215538683564e-05,0.0009523809523809526,0.13657283934174327
2.5,1.9000000000000001,0.1,423318.4579496348,1325477480.010205,1.0,0.00027815126695011113,787173829.9565631,219014.31722220493,787392844.2737854,0.2150913842857071,0.1325477480010205,1.2094813084275281e-05,0.0011904761904761906,0.13375031900458098
3.0,1.9000000000000001,0.1,430498.0803771514,1289176703.8492057,1.2000000000000002,0.0002924317008009369,774368998.284766,226516.28375805035,774595514.568524,0.25810865398826294,0.12891767038492055,1.2299945153632898e-05,0.0014285714285714288,0.1303585417586456
3.5,1.9000000000000001,0.1,438814.19525351113,1247789663.1202476,1.4000000000000001,0.0003098977591850245,759291695.6068056,235375.737449949,759527071.3442556,0.3011265296496274,0.12477896631202474,1.2537548435814604e-05,0.0016666666666666668,0.12645817052712724
4.0,1.9000000000000001,0.1,448181.0795507667,1201985117.5971339,1.6,0.0003308589344297805,741988519.8191537,245574.78163707056,742234094.6007907,0.3441447484997,0.12019851175971338,1.2805173701450478e-05,0.0019047619047619052,0.12211607883817674
4.5,1.9000000000000001,0.1,458498.9097290071,1152476188.9989293,1.8,0.0003556832029603388,722526487.4401504,257081.97501669297,722783569.4151671,0.3871638329056726,0.11524761889989292,1.3099968849400203e-05,0.002142857142857143,0.11740357601159947
5.0,1.9000000000000001,0.1,469654.8744314002,1100001150.4614706,2.0,0.00038480135759737184,700998712.1814662,269849.0944193165,701268561.2758856,0.43018190099130243,0.11000011504614705,1.3418710698040007e-05,0.002380952380952381,0.11239448613779748
5.5,1.9000000000000001,0.1,481524.9610077835,1045301507.3685416,2.2,0.00041871467500261304,677526399.0486516,283809.0810104649,677810208.129662,0.4731981053650756,0.10453015073685416,1.3757856028793815e-05,0.0026190476190476194,0.10716295621193057
6.0,1.9000000000000001,0.1,493975.1520914728,989105556.6223053,2.4000000000000004,0.00045800067679142576,652262163.467978,298873.39653166,652561036.8645097,0.5162163990247164,0.09891055566223053,1.4113575774042082e-05,0.0028571428571428576,0.10178181209514743
6.5,1.9000000000000001,0.1,506863.7466860915,932116352.881658,2.6,0.0005033174333868503,625394142.044045,314930.28433118534,625709072.3283762,0.5592349015271862,0.09321163528816578,1.4481821333888328e-05,0.0030952380952380953,0.09632135520473777
7.0,1.9000000000000001,0.1,520044.4559338905,874992750.4328213,2.8000000000000003,0.0005554134999426516,597143096.7396216,331845.6488800318,597474942.3885016,0.6022532294644476,0.08749927504328212,1.4858413026682585e-05,0.0033333333333333335,0.09084746678964213
7.5,1.9000000000000001,0.1,533370.0032566898,818338884.1609178,3.0,0.0006151370000020257,567759717.2079196,349464.978003453,568109182.1859231,0.645271263438806,0.08183388841609177,1.5239142950191138e-05,0.0035714285714285718,0.08542055613047053
8.0,1.9000000000000001,0.1,546695.1894756734,762696207.6099888,3.2,0.000683441008923917,537521766.3563381,367615.66193603154,537889382.0182742,0.6882908674320797,0.07626962076099889,1.561986255644781e-05,0.0038095238095238104,0.08009476443307914
8.5,1.9000000000000001,0.1,559879.6826875372,708539469.9674726,3.4000000000000004,0.0007613879178838548,506727987.7472922,386110.54743016715,507114098.2947224,0.7313084301236394,0.07085394699674724,1.5996562362501063e-05,0.004047619047619048,0.07491756260672879
9.0,1.9000000000000001,0.1,572793.9748266925,656263079.650085,3.6,0.0008501719710898532,475683714.71215737,404757.07447199465,476088471.7866294,0.7743277918031668,0.0656263079650085,1.63655421379055e-05,0.004285714285714286,0.06992838779286069
9.5,1.9000000000000001,0.1,585318.6715674164,606193171.6847963,3.8000000000000003,0.0009511069965702522,444698523.31899476,423358.5361589539,445121881.85515374,0.8173424214428119,0.06061931716847963,1.6723390616211898e-05,0.0045238095238095246,0.06515985008290537
10.0,1.9000000000000001,0.1,597351.0057934133,558573155.7991662,4.0,0.0010656596661647497,414067983.9735072,441726.27945021377,414509710.25295746,0.8603604478788885,0.05585731557991661,1.7067171594097524e-05,0.004761904761904762,0.060636287513415474
10.5,1.9000000000000001,0.1,608803.0489934457,513580192.1224965,4.2,0.0011954371917485681,384070053.4499111,459681.14606924093,384529734.59598035,0.9033826117735094,0.051358019212249646,1.7394372828384162e-05,0.005,0.05637541358507803
11.0,1.9000000000000001,0.1,619603.436919512,471326376.2956674,4.4,0.0013421964778413053,354955243.91256285,477059.98640421405,355432303.8989671,0.9463999590833475,0.04713263762956674,1.7702955340557487e-05,0.005238095238095239,0.05238843582300253
11.5,1.9000000000000001,0.1,629699.2725906619,431859938.0017785,4.6000000000000005,0.0015078689703116332,326936808.50460213,493722.33738930506,327430530.8419914,0.9894184265942506,0.043185993800177847,1.7991407788304627e-05,0.005476190476190477,0.048680175684156626
12.0,1.9000000000000001,0.1,639052.9413068825,395181339.9754183,4.800000000000001,0.0016945395365304762,300191373.04826653,509549.6021022424,300700922.65036875,1.032433919189701,0.03951813399754183,1.8258655465910932e-05,0.005714285714285715,0.045250678367293455
0.0,2.0,0.1,406520.756341026,1412601383.2071235,0.0,0.0002473559298121047,816385237.6134119,201987.6923882028,816587225.3058001,0.0,0.14126013832071235,1.1614878752600743e-05,0.0,0.14127175319946494
0.5,2.0,0.1,407170.6535329653,1409119787.7451918,0.2,0.0002485494770545098,815094582.6322843,202641.69875147232,815297224.3310357,0.04330403103141008,0.14091197877451916,1.1633447243799008e-05,0.00023809523809523815,0.1411617074598582
1.0,2.0,0.1,409114.9352083907,1398743184.1283197,0.4,0.000252151424717917,811229068.746751,204604.15668669404,811433672.9034376,0.08660798701650774,0.13987431841283196,1.1688998148811164e-05,0.0004761904761904763,0.14036219788717125
1.5,2.0,0.1,412334.9685158542,1381656506.6210394,0.6000000000000001,0.0002582274003469034,804804529.3694414,207876.26075289198,805012405.6301943,0.1299119714927087,0.13816565066210393,1.178099910045298e-05,0.0007142857142857144,0.1388917173754901
2.0,2.0,0.1,416800.01474299683,1358163595.56003,0.8,0.0002668875330735663,795849086.3534257,212458.90198794848,796061545.2554137,0.17321601629824762,0.135816359556003,1.190857184979991e-05,0.0009523809523809526,0.13678064908023374
2.5,2.0,0.1,422466.75908319413,1328674509.8763528,1.0,0.000278288386805595,784403505.5456376,218351.15075244912,784621856.69639,0.21652005202719835,0.13286745098763528,1.2070478830948405e-05,0.0011904761904761906,0.1340699976569424
3.0,2.0,0.1,429279.26189114037,1293692620.0999756,1.2000000000000002,0.000292634649590947,770524099.3757962,225548.05299767104,770749647.4287939,0.2598238139903117,0.12936926200999754,1.2265121768318297e-05,0.0014285714285714288,0.1308100985603373
3.5,2.0,0.1,437168.95462033985,1253797267.4354682,1.4000000000000001,0.0003101824411238563,754284148.1042212,234038.29292901288,754518186.3971503,0.30312793197586063,0.1253797267435468,1.2490541560581138e-05,0.0016666666666666668,0.12705888395177406
4.0,2.0,0.1,446055.04101369483,1209625815.1757863,1.6,0.00033124281054001963,735776643.3056046,243801.4807459461,736020444.7863505,0.34643197100641165,0.12096258151757862,1.2744429743248425e-05,0.0019047619047619052,0.12288008785208378
4.5,2.0,0.1,455844.344312683,1161856816.3503282,1.8,0.0003561851074832309,715117079.7739685,254804.81160159272,715371884.5855701,0.3897361725936423,0.1161856816350328,1.3024124123219514e-05,0.002142857142857143,0.11834156290201317
5.0,2.0,0.1,466432.2872075958,1111190903.7005255,2.0,0.00038544215616776074,692445070.4861482,267000.4342189811,692712070.9203672,0.43303980276405074,0.11111909037005255,1.332663677735988e-05,0.002380952380952381,0.1135133693877823
5.5,2.0,0.1,477705.3180570471,1058329121.1696932,2.2,0.00041951704350565156,667926551.5071982,280324.17293547816,668206875.6801337,0.4763433731989774,0.10583291211696931,1.3648723373058489e-05,0.0026190476190476194,0.10846560845938999
6.0,2.0,0.1,489540.7380502136,1003961987.4344765,2.4000000000000004,0.0004589870328548663,641754450.8418534,294692.23112607637,642049143.0729795,0.5196478506839723,0.10039619874344764,1.3986878230006103e-05,0.0028571428571428576,0.10326732847882052
6.5,2.0,0.1,501808.8441576885,948756116.02232,2.6,0.0005045083822260975,614149776.2996843,310000.10773831845,614459776.4074227,0.5629505211398688,0.094875611602232,1.4337395547362529e-05,0.0030952380952380953,0.09798518709301746
7.0,2.0,0.1,514377.7852426443,893331101.7171614,2.8000000000000003,0.0005568297855052598,585356297.0776607,326125.41769228835,585682422.495353,0.6062563903123169,0.08933311017171613,1.4696508149789838e-05,0.0033333333333333335,0.09268114001319926
7.5,2.0,0.1,527114.3269624866,838256981.2741022,3.0,0.0006167968036844521,555638461.478882,342927.54365714407,555981389.0225391,0.6495603601548365,0.08382569812741021,1.5060409341785333e-05,0.0035714285714285718,0.08741218710818056
8.0,2.0,0.1,539886.1665143048,784049334.7430744,3.2,0.0006853534569945124,525279551.6412935,360249.05454079655,525639800.69583434,0.692863711474985,0.07840493347430744,1.542531904326585e-05,0.0038095238095238104,0.0822298826028745
8.5,2.0,0.1,552567.0084865201,731152740.8725728,3.4000000000000004,0.0007635623661855707,494568688.2453527,377922.6053166659,494946610.8506693,0.7361681600799007,0.07311527408725728,1.5787628813900577e-05,0.004047619047619048,0.07717868076369024
9.0,2.0,0.1,565036.3818368607,679951032.8413811,3.6,0.0008525978223493497,463799219.3321793,395771.6384470321,464194990.97062635,0.7794722988465635,0.0679951032841381,1.6143896623910305e-05,0.004285714285714286,0.0722969614664763
9.5,2.0,0.1,577185.7601034634,630752330.7829592,3.8000000000000003,0.0009537679507691517,433255860.6197376,413620.05189130176,433669480.67162895,0.8227757153115235,0.06307523307829592,1.6491021717241814e-05,0.0045238095238095246,0.0676155336238227
10.0,2.0,0.1,588918.6639715101,583795430.7050285,4.0,0.0010685253365193515,403205472.93353736,431296.11447861505,403636769.04801595,0.8660799065057828,0.05837954307050285,1.682624754204315e-05,0.004761904761904762,0.06315827407994966
10.5,2.0,0.1,600151.1323402883,539259561.4332116,4.2,0.001198448997812522,373897715.5155931,448635.0086205189,374346350.5242136,0.9093838161243467,0.05392595614332116,1.7147175209722524e-05,0.005,0.05894310331853088
11.0,2.0,0.1,610813.6156964038,497261434.9858279,4.4,0.0013452796138012652,345549002.9666098,465486.23840736755,346014489.20501715,0.9526874783516014,0.04972614349858279,1.7451817591325824e-05,0.005238095238095239,0.054981690554269345
11.5,2.0,0.1,620851.6864203595,457862175.2115826,4.6000000000000005,0.001510913620588595,318343232.2409069,481716.9583285918,318824949.1992355,0.9959916228967958,0.04578621752115826,1.773861961201027e-05,0.005476190476190477,0.051280146616960745
12.0,2.0,0.1,630226.2974889623,421071804.0598583,4.800000000000001,0.001697423271965972,292426563.08484554,497215.638917927,292923778.72376347,1.0392968295609128,0.04210718040598583,1.800646564254178e-05,0.005714285714285715,0.04783947258591408
